--------------------------------------------------------
--  File created - Monday-December-29-2025   
--------------------------------------------------------
--------------------------------------------------------
--  DDL for Table ATTENDANCE
--------------------------------------------------------

  CREATE TABLE "VITALITY"."ATTENDANCE" 
   (	"ATTENDANCEID" NUMBER(10,0), 
	"SHIFTID" NUMBER(10,0), 
	"EMPLOYEEID" NUMBER(10,0), 
	"STATUS" VARCHAR2(20 BYTE), 
	"CLOCKINTIME" TIMESTAMP (6), 
	"CLOCKOUTTIME" TIMESTAMP (6)
   ) SEGMENT CREATION IMMEDIATE 
  PCTFREE 10 PCTUSED 40 INITRANS 1 MAXTRANS 255 
 NOCOMPRESS LOGGING
  STORAGE(INITIAL 65536 NEXT 1048576 MINEXTENTS 1 MAXEXTENTS 2147483645
  PCTINCREASE 0 FREELISTS 1 FREELIST GROUPS 1
  BUFFER_POOL DEFAULT FLASH_CACHE DEFAULT CELL_FLASH_CACHE DEFAULT)
  TABLESPACE "USERS" ;
--------------------------------------------------------
--  DDL for Table EMPLOYEE
--------------------------------------------------------

  CREATE TABLE "VITALITY"."EMPLOYEE" 
   (	"EMPLOYEEID" NUMBER(10,0), 
	"EMPLOYEENUMBER" VARCHAR2(20 BYTE), 
	"EMPLOYEEROLE" VARCHAR2(20 BYTE), 
	"EMPLOYEEADDRESS" VARCHAR2(200 BYTE), 
	"EMPLOYEERATE" NUMBER(10,2), 
	"EMPLOYEEHIREDON" DATE DEFAULT SYSDATE, 
	"ANNUALLEAVEBALANCE" NUMBER(5,0) DEFAULT 0, 
	"SICKLEAVEBALANCE" NUMBER(5,0) DEFAULT 0, 
	"EMERGENCYLEAVEBALANCE" NUMBER(5,0) DEFAULT 0, 
	"SUPERVISOREMPLOYEEID" NUMBER(10,0), 
	"EMPLOYEENAME" VARCHAR2(100 BYTE)
   ) SEGMENT CREATION IMMEDIATE 
  PCTFREE 10 PCTUSED 40 INITRANS 1 MAXTRANS 255 
 NOCOMPRESS LOGGING
  STORAGE(INITIAL 65536 NEXT 1048576 MINEXTENTS 1 MAXEXTENTS 2147483645
  PCTINCREASE 0 FREELISTS 1 FREELIST GROUPS 1
  BUFFER_POOL DEFAULT FLASH_CACHE DEFAULT CELL_FLASH_CACHE DEFAULT)
  TABLESPACE "USERS" ;
--------------------------------------------------------
--  DDL for Table LEAVEREQUEST
--------------------------------------------------------

  CREATE TABLE "VITALITY"."LEAVEREQUEST" 
   (	"REQUESTID" NUMBER(10,0), 
	"EMPLOYEEID" NUMBER(10,0), 
	"TYPE" VARCHAR2(30 BYTE), 
	"STARTDATE" DATE, 
	"ENDDATE" DATE, 
	"LEAVESTATUS" VARCHAR2(20 BYTE) DEFAULT 'Pending', 
	"REMARK" VARCHAR2(300 BYTE)
   ) SEGMENT CREATION IMMEDIATE 
  PCTFREE 10 PCTUSED 40 INITRANS 1 MAXTRANS 255 
 NOCOMPRESS LOGGING
  STORAGE(INITIAL 65536 NEXT 1048576 MINEXTENTS 1 MAXEXTENTS 2147483645
  PCTINCREASE 0 FREELISTS 1 FREELIST GROUPS 1
  BUFFER_POOL DEFAULT FLASH_CACHE DEFAULT CELL_FLASH_CACHE DEFAULT)
  TABLESPACE "USERS" ;
--------------------------------------------------------
--  DDL for Table OWNER
--------------------------------------------------------

  CREATE TABLE "VITALITY"."OWNER" 
   (	"OWNERID" NUMBER(10,0), 
	"OWNEREMAIL" VARCHAR2(100 BYTE), 
	"OWNERPASSWORD" VARCHAR2(100 BYTE)
   ) SEGMENT CREATION IMMEDIATE 
  PCTFREE 10 PCTUSED 40 INITRANS 1 MAXTRANS 255 
 NOCOMPRESS LOGGING
  STORAGE(INITIAL 65536 NEXT 1048576 MINEXTENTS 1 MAXEXTENTS 2147483645
  PCTINCREASE 0 FREELISTS 1 FREELIST GROUPS 1
  BUFFER_POOL DEFAULT FLASH_CACHE DEFAULT CELL_FLASH_CACHE DEFAULT)
  TABLESPACE "USERS" ;
--------------------------------------------------------
--  DDL for Table PAYROLL
--------------------------------------------------------

  CREATE TABLE "VITALITY"."PAYROLL" 
   (	"PAYROLLID" NUMBER(10,0), 
	"EMPLOYEEID" NUMBER(10,0), 
	"OWNERID" NUMBER(10,0), 
	"PAYMENTDATE" DATE, 
	"MONTHLYSALARY" NUMBER(10,2)
   ) SEGMENT CREATION IMMEDIATE 
  PCTFREE 10 PCTUSED 40 INITRANS 1 MAXTRANS 255 
 NOCOMPRESS LOGGING
  STORAGE(INITIAL 65536 NEXT 1048576 MINEXTENTS 1 MAXEXTENTS 2147483645
  PCTINCREASE 0 FREELISTS 1 FREELIST GROUPS 1
  BUFFER_POOL DEFAULT FLASH_CACHE DEFAULT CELL_FLASH_CACHE DEFAULT)
  TABLESPACE "USERS" ;
--------------------------------------------------------
--  DDL for Table SHIFT
--------------------------------------------------------

  CREATE TABLE "VITALITY"."SHIFT" 
   (	"SHIFTID" NUMBER(10,0), 
	"EMPLOYEEID" NUMBER(10,0), 
	"SHIFTDATE" DATE, 
	"SHIFTTYPE" VARCHAR2(30 BYTE)
   ) SEGMENT CREATION IMMEDIATE 
  PCTFREE 10 PCTUSED 40 INITRANS 1 MAXTRANS 255 
 NOCOMPRESS LOGGING
  STORAGE(INITIAL 65536 NEXT 1048576 MINEXTENTS 1 MAXEXTENTS 2147483645
  PCTINCREASE 0 FREELISTS 1 FREELIST GROUPS 1
  BUFFER_POOL DEFAULT FLASH_CACHE DEFAULT CELL_FLASH_CACHE DEFAULT)
  TABLESPACE "USERS" ;
--------------------------------------------------------
--  DDL for Table STAFF
--------------------------------------------------------

  CREATE TABLE "VITALITY"."STAFF" 
   (	"EMPLOYEEID" NUMBER(10,0), 
	"HOURLYRATE" NUMBER(10,2), 
	"ASSIGNTASKCOUNT" NUMBER(10,0) DEFAULT 0
   ) SEGMENT CREATION IMMEDIATE 
  PCTFREE 10 PCTUSED 40 INITRANS 1 MAXTRANS 255 
 NOCOMPRESS LOGGING
  STORAGE(INITIAL 65536 NEXT 1048576 MINEXTENTS 1 MAXEXTENTS 2147483645
  PCTINCREASE 0 FREELISTS 1 FREELIST GROUPS 1
  BUFFER_POOL DEFAULT FLASH_CACHE DEFAULT CELL_FLASH_CACHE DEFAULT)
  TABLESPACE "USERS" ;
--------------------------------------------------------
--  DDL for Table SUPERVISOR
--------------------------------------------------------

  CREATE TABLE "VITALITY"."SUPERVISOR" 
   (	"EMPLOYEEID" NUMBER(10,0), 
	"BONUSRATE" NUMBER(10,2) DEFAULT 0
   ) SEGMENT CREATION IMMEDIATE 
  PCTFREE 10 PCTUSED 40 INITRANS 1 MAXTRANS 255 
 NOCOMPRESS LOGGING
  STORAGE(INITIAL 65536 NEXT 1048576 MINEXTENTS 1 MAXEXTENTS 2147483645
  PCTINCREASE 0 FREELISTS 1 FREELIST GROUPS 1
  BUFFER_POOL DEFAULT FLASH_CACHE DEFAULT CELL_FLASH_CACHE DEFAULT)
  TABLESPACE "USERS" ;
--------------------------------------------------------
--  DDL for Table TASK
--------------------------------------------------------

  CREATE TABLE "VITALITY"."TASK" 
   (	"TASKID" NUMBER(10,0), 
	"SHIFTID" NUMBER(10,0), 
	"TASKNAME" VARCHAR2(100 BYTE), 
	"TASKDESCRIPTION" VARCHAR2(300 BYTE), 
	"COMPLETIONSTATUS" VARCHAR2(20 BYTE) DEFAULT 'Pending'
   ) SEGMENT CREATION IMMEDIATE 
  PCTFREE 10 PCTUSED 40 INITRANS 1 MAXTRANS 255 
 NOCOMPRESS LOGGING
  STORAGE(INITIAL 65536 NEXT 1048576 MINEXTENTS 1 MAXEXTENTS 2147483645
  PCTINCREASE 0 FREELISTS 1 FREELIST GROUPS 1
  BUFFER_POOL DEFAULT FLASH_CACHE DEFAULT CELL_FLASH_CACHE DEFAULT)
  TABLESPACE "USERS" ;
REM INSERTING into VITALITY.ATTENDANCE
SET DEFINE OFF;
Insert into VITALITY.ATTENDANCE (ATTENDANCEID,SHIFTID,EMPLOYEEID,STATUS,CLOCKINTIME,CLOCKOUTTIME) values (8001,1001,201,'ONTIME',to_timestamp('01-DEC-25 06.00.00.000000000 AM','DD-MON-RR HH.MI.SSXFF AM'),to_timestamp('01-DEC-25 03.00.00.000000000 PM','DD-MON-RR HH.MI.SSXFF AM'));
Insert into VITALITY.ATTENDANCE (ATTENDANCEID,SHIFTID,EMPLOYEEID,STATUS,CLOCKINTIME,CLOCKOUTTIME) values (8002,1002,203,'ONTIME',to_timestamp('08-NOV-25 06.00.00.000000000 AM','DD-MON-RR HH.MI.SSXFF AM'),to_timestamp('08-NOV-25 03.00.00.000000000 PM','DD-MON-RR HH.MI.SSXFF AM'));
Insert into VITALITY.ATTENDANCE (ATTENDANCEID,SHIFTID,EMPLOYEEID,STATUS,CLOCKINTIME,CLOCKOUTTIME) values (8003,1003,203,'ONTIME',to_timestamp('29-NOV-25 03.00.00.000000000 PM','DD-MON-RR HH.MI.SSXFF AM'),to_timestamp('30-NOV-25 12.00.00.000000000 AM','DD-MON-RR HH.MI.SSXFF AM'));
Insert into VITALITY.ATTENDANCE (ATTENDANCEID,SHIFTID,EMPLOYEEID,STATUS,CLOCKINTIME,CLOCKOUTTIME) values (8004,1004,201,'ONTIME',to_timestamp('24-DEC-25 03.00.00.000000000 PM','DD-MON-RR HH.MI.SSXFF AM'),to_timestamp('25-DEC-25 12.00.00.000000000 AM','DD-MON-RR HH.MI.SSXFF AM'));
Insert into VITALITY.ATTENDANCE (ATTENDANCEID,SHIFTID,EMPLOYEEID,STATUS,CLOCKINTIME,CLOCKOUTTIME) values (8005,1005,203,'ONTIME',to_timestamp('13-NOV-25 03.00.00.000000000 PM','DD-MON-RR HH.MI.SSXFF AM'),to_timestamp('14-NOV-25 12.00.00.000000000 AM','DD-MON-RR HH.MI.SSXFF AM'));
Insert into VITALITY.ATTENDANCE (ATTENDANCEID,SHIFTID,EMPLOYEEID,STATUS,CLOCKINTIME,CLOCKOUTTIME) values (8006,1006,202,'ONTIME',to_timestamp('19-NOV-25 06.00.00.000000000 AM','DD-MON-RR HH.MI.SSXFF AM'),to_timestamp('19-NOV-25 03.00.00.000000000 PM','DD-MON-RR HH.MI.SSXFF AM'));
Insert into VITALITY.ATTENDANCE (ATTENDANCEID,SHIFTID,EMPLOYEEID,STATUS,CLOCKINTIME,CLOCKOUTTIME) values (8007,1007,201,'ONTIME',to_timestamp('21-DEC-25 03.00.00.000000000 PM','DD-MON-RR HH.MI.SSXFF AM'),to_timestamp('22-DEC-25 12.00.00.000000000 AM','DD-MON-RR HH.MI.SSXFF AM'));
Insert into VITALITY.ATTENDANCE (ATTENDANCEID,SHIFTID,EMPLOYEEID,STATUS,CLOCKINTIME,CLOCKOUTTIME) values (8008,1008,201,'ONTIME',to_timestamp('27-NOV-25 06.00.00.000000000 AM','DD-MON-RR HH.MI.SSXFF AM'),to_timestamp('27-NOV-25 03.00.00.000000000 PM','DD-MON-RR HH.MI.SSXFF AM'));
Insert into VITALITY.ATTENDANCE (ATTENDANCEID,SHIFTID,EMPLOYEEID,STATUS,CLOCKINTIME,CLOCKOUTTIME) values (8009,1009,203,'ABSENT',null,null);
Insert into VITALITY.ATTENDANCE (ATTENDANCEID,SHIFTID,EMPLOYEEID,STATUS,CLOCKINTIME,CLOCKOUTTIME) values (8010,1010,203,'ONTIME',to_timestamp('30-DEC-25 03.00.00.000000000 PM','DD-MON-RR HH.MI.SSXFF AM'),to_timestamp('31-DEC-25 12.00.00.000000000 AM','DD-MON-RR HH.MI.SSXFF AM'));
Insert into VITALITY.ATTENDANCE (ATTENDANCEID,SHIFTID,EMPLOYEEID,STATUS,CLOCKINTIME,CLOCKOUTTIME) values (8011,1011,201,'LATE',to_timestamp('07-NOV-25 03.06.00.000000000 PM','DD-MON-RR HH.MI.SSXFF AM'),to_timestamp('08-NOV-25 12.00.00.000000000 AM','DD-MON-RR HH.MI.SSXFF AM'));
Insert into VITALITY.ATTENDANCE (ATTENDANCEID,SHIFTID,EMPLOYEEID,STATUS,CLOCKINTIME,CLOCKOUTTIME) values (8012,1012,201,'ONTIME',to_timestamp('02-NOV-25 06.00.00.000000000 AM','DD-MON-RR HH.MI.SSXFF AM'),to_timestamp('02-NOV-25 03.00.00.000000000 PM','DD-MON-RR HH.MI.SSXFF AM'));
Insert into VITALITY.ATTENDANCE (ATTENDANCEID,SHIFTID,EMPLOYEEID,STATUS,CLOCKINTIME,CLOCKOUTTIME) values (8013,1013,203,'ONTIME',to_timestamp('08-DEC-25 03.00.00.000000000 PM','DD-MON-RR HH.MI.SSXFF AM'),to_timestamp('09-DEC-25 12.00.00.000000000 AM','DD-MON-RR HH.MI.SSXFF AM'));
Insert into VITALITY.ATTENDANCE (ATTENDANCEID,SHIFTID,EMPLOYEEID,STATUS,CLOCKINTIME,CLOCKOUTTIME) values (8014,1014,207,'ONTIME',to_timestamp('29-DEC-25 06.00.00.000000000 AM','DD-MON-RR HH.MI.SSXFF AM'),to_timestamp('29-DEC-25 03.00.00.000000000 PM','DD-MON-RR HH.MI.SSXFF AM'));
Insert into VITALITY.ATTENDANCE (ATTENDANCEID,SHIFTID,EMPLOYEEID,STATUS,CLOCKINTIME,CLOCKOUTTIME) values (8015,1015,201,'ONTIME',to_timestamp('05-NOV-25 06.00.00.000000000 AM','DD-MON-RR HH.MI.SSXFF AM'),to_timestamp('05-NOV-25 03.00.00.000000000 PM','DD-MON-RR HH.MI.SSXFF AM'));
Insert into VITALITY.ATTENDANCE (ATTENDANCEID,SHIFTID,EMPLOYEEID,STATUS,CLOCKINTIME,CLOCKOUTTIME) values (8016,1016,201,'LATE',to_timestamp('14-DEC-25 03.06.00.000000000 PM','DD-MON-RR HH.MI.SSXFF AM'),to_timestamp('15-DEC-25 12.00.00.000000000 AM','DD-MON-RR HH.MI.SSXFF AM'));
Insert into VITALITY.ATTENDANCE (ATTENDANCEID,SHIFTID,EMPLOYEEID,STATUS,CLOCKINTIME,CLOCKOUTTIME) values (8017,1017,201,'ONTIME',to_timestamp('17-DEC-25 06.00.00.000000000 AM','DD-MON-RR HH.MI.SSXFF AM'),to_timestamp('17-DEC-25 03.00.00.000000000 PM','DD-MON-RR HH.MI.SSXFF AM'));
Insert into VITALITY.ATTENDANCE (ATTENDANCEID,SHIFTID,EMPLOYEEID,STATUS,CLOCKINTIME,CLOCKOUTTIME) values (8018,1018,201,'ONTIME',to_timestamp('01-NOV-25 06.00.00.000000000 AM','DD-MON-RR HH.MI.SSXFF AM'),to_timestamp('01-NOV-25 03.00.00.000000000 PM','DD-MON-RR HH.MI.SSXFF AM'));
Insert into VITALITY.ATTENDANCE (ATTENDANCEID,SHIFTID,EMPLOYEEID,STATUS,CLOCKINTIME,CLOCKOUTTIME) values (8019,1019,203,'ONTIME',to_timestamp('24-DEC-25 06.00.00.000000000 AM','DD-MON-RR HH.MI.SSXFF AM'),to_timestamp('24-DEC-25 03.00.00.000000000 PM','DD-MON-RR HH.MI.SSXFF AM'));
Insert into VITALITY.ATTENDANCE (ATTENDANCEID,SHIFTID,EMPLOYEEID,STATUS,CLOCKINTIME,CLOCKOUTTIME) values (8020,1020,201,'ONTIME',to_timestamp('12-NOV-25 06.00.00.000000000 AM','DD-MON-RR HH.MI.SSXFF AM'),to_timestamp('12-NOV-25 03.00.00.000000000 PM','DD-MON-RR HH.MI.SSXFF AM'));
Insert into VITALITY.ATTENDANCE (ATTENDANCEID,SHIFTID,EMPLOYEEID,STATUS,CLOCKINTIME,CLOCKOUTTIME) values (8021,1021,202,'ONTIME',to_timestamp('13-NOV-25 03.00.00.000000000 PM','DD-MON-RR HH.MI.SSXFF AM'),to_timestamp('14-NOV-25 12.00.00.000000000 AM','DD-MON-RR HH.MI.SSXFF AM'));
Insert into VITALITY.ATTENDANCE (ATTENDANCEID,SHIFTID,EMPLOYEEID,STATUS,CLOCKINTIME,CLOCKOUTTIME) values (8022,1022,201,'ONTIME',to_timestamp('20-NOV-25 06.00.00.000000000 AM','DD-MON-RR HH.MI.SSXFF AM'),to_timestamp('20-NOV-25 03.00.00.000000000 PM','DD-MON-RR HH.MI.SSXFF AM'));
Insert into VITALITY.ATTENDANCE (ATTENDANCEID,SHIFTID,EMPLOYEEID,STATUS,CLOCKINTIME,CLOCKOUTTIME) values (8024,1024,201,'ONTIME',to_timestamp('06-DEC-25 03.00.00.000000000 PM','DD-MON-RR HH.MI.SSXFF AM'),to_timestamp('07-DEC-25 12.00.00.000000000 AM','DD-MON-RR HH.MI.SSXFF AM'));
Insert into VITALITY.ATTENDANCE (ATTENDANCEID,SHIFTID,EMPLOYEEID,STATUS,CLOCKINTIME,CLOCKOUTTIME) values (8025,1025,203,'ONTIME',to_timestamp('07-DEC-25 03.00.00.000000000 PM','DD-MON-RR HH.MI.SSXFF AM'),to_timestamp('08-DEC-25 12.00.00.000000000 AM','DD-MON-RR HH.MI.SSXFF AM'));
Insert into VITALITY.ATTENDANCE (ATTENDANCEID,SHIFTID,EMPLOYEEID,STATUS,CLOCKINTIME,CLOCKOUTTIME) values (8026,1026,202,'ONTIME',to_timestamp('04-NOV-25 06.00.00.000000000 AM','DD-MON-RR HH.MI.SSXFF AM'),to_timestamp('04-NOV-25 03.00.00.000000000 PM','DD-MON-RR HH.MI.SSXFF AM'));
Insert into VITALITY.ATTENDANCE (ATTENDANCEID,SHIFTID,EMPLOYEEID,STATUS,CLOCKINTIME,CLOCKOUTTIME) values (8027,1027,202,'ONTIME',to_timestamp('11-DEC-25 06.00.00.000000000 AM','DD-MON-RR HH.MI.SSXFF AM'),to_timestamp('11-DEC-25 03.00.00.000000000 PM','DD-MON-RR HH.MI.SSXFF AM'));
Insert into VITALITY.ATTENDANCE (ATTENDANCEID,SHIFTID,EMPLOYEEID,STATUS,CLOCKINTIME,CLOCKOUTTIME) values (8028,1028,203,'ABSENT',null,null);
Insert into VITALITY.ATTENDANCE (ATTENDANCEID,SHIFTID,EMPLOYEEID,STATUS,CLOCKINTIME,CLOCKOUTTIME) values (8029,1029,203,'ONTIME',to_timestamp('13-DEC-25 03.00.00.000000000 PM','DD-MON-RR HH.MI.SSXFF AM'),to_timestamp('14-DEC-25 12.00.00.000000000 AM','DD-MON-RR HH.MI.SSXFF AM'));
Insert into VITALITY.ATTENDANCE (ATTENDANCEID,SHIFTID,EMPLOYEEID,STATUS,CLOCKINTIME,CLOCKOUTTIME) values (8030,1030,202,'ONTIME',to_timestamp('09-DEC-25 06.00.00.000000000 AM','DD-MON-RR HH.MI.SSXFF AM'),to_timestamp('09-DEC-25 03.00.00.000000000 PM','DD-MON-RR HH.MI.SSXFF AM'));
Insert into VITALITY.ATTENDANCE (ATTENDANCEID,SHIFTID,EMPLOYEEID,STATUS,CLOCKINTIME,CLOCKOUTTIME) values (8031,1031,201,'ONTIME',to_timestamp('19-NOV-25 06.00.00.000000000 AM','DD-MON-RR HH.MI.SSXFF AM'),to_timestamp('19-NOV-25 03.00.00.000000000 PM','DD-MON-RR HH.MI.SSXFF AM'));
Insert into VITALITY.ATTENDANCE (ATTENDANCEID,SHIFTID,EMPLOYEEID,STATUS,CLOCKINTIME,CLOCKOUTTIME) values (8032,1032,201,'ONTIME',to_timestamp('17-NOV-25 06.00.00.000000000 AM','DD-MON-RR HH.MI.SSXFF AM'),to_timestamp('17-NOV-25 03.00.00.000000000 PM','DD-MON-RR HH.MI.SSXFF AM'));
Insert into VITALITY.ATTENDANCE (ATTENDANCEID,SHIFTID,EMPLOYEEID,STATUS,CLOCKINTIME,CLOCKOUTTIME) values (8033,1033,201,'ONTIME',to_timestamp('22-NOV-25 06.00.00.000000000 AM','DD-MON-RR HH.MI.SSXFF AM'),to_timestamp('22-NOV-25 03.00.00.000000000 PM','DD-MON-RR HH.MI.SSXFF AM'));
Insert into VITALITY.ATTENDANCE (ATTENDANCEID,SHIFTID,EMPLOYEEID,STATUS,CLOCKINTIME,CLOCKOUTTIME) values (8034,1034,203,'LATE',to_timestamp('13-DEC-25 06.06.00.000000000 AM','DD-MON-RR HH.MI.SSXFF AM'),to_timestamp('13-DEC-25 03.00.00.000000000 PM','DD-MON-RR HH.MI.SSXFF AM'));
Insert into VITALITY.ATTENDANCE (ATTENDANCEID,SHIFTID,EMPLOYEEID,STATUS,CLOCKINTIME,CLOCKOUTTIME) values (8035,1035,203,'ONTIME',to_timestamp('26-NOV-25 03.00.00.000000000 PM','DD-MON-RR HH.MI.SSXFF AM'),to_timestamp('27-NOV-25 12.00.00.000000000 AM','DD-MON-RR HH.MI.SSXFF AM'));
Insert into VITALITY.ATTENDANCE (ATTENDANCEID,SHIFTID,EMPLOYEEID,STATUS,CLOCKINTIME,CLOCKOUTTIME) values (8036,1036,203,'ONTIME',to_timestamp('09-NOV-25 06.00.00.000000000 AM','DD-MON-RR HH.MI.SSXFF AM'),to_timestamp('09-NOV-25 03.00.00.000000000 PM','DD-MON-RR HH.MI.SSXFF AM'));
Insert into VITALITY.ATTENDANCE (ATTENDANCEID,SHIFTID,EMPLOYEEID,STATUS,CLOCKINTIME,CLOCKOUTTIME) values (8037,1037,203,'ONTIME',to_timestamp('02-NOV-25 03.00.00.000000000 PM','DD-MON-RR HH.MI.SSXFF AM'),to_timestamp('03-NOV-25 12.00.00.000000000 AM','DD-MON-RR HH.MI.SSXFF AM'));
Insert into VITALITY.ATTENDANCE (ATTENDANCEID,SHIFTID,EMPLOYEEID,STATUS,CLOCKINTIME,CLOCKOUTTIME) values (8038,1038,201,'ONTIME',to_timestamp('28-DEC-25 06.00.00.000000000 AM','DD-MON-RR HH.MI.SSXFF AM'),to_timestamp('28-DEC-25 03.00.00.000000000 PM','DD-MON-RR HH.MI.SSXFF AM'));
Insert into VITALITY.ATTENDANCE (ATTENDANCEID,SHIFTID,EMPLOYEEID,STATUS,CLOCKINTIME,CLOCKOUTTIME) values (8039,1039,207,'ONTIME',to_timestamp('30-DEC-25 06.00.00.000000000 AM','DD-MON-RR HH.MI.SSXFF AM'),to_timestamp('30-DEC-25 03.00.00.000000000 PM','DD-MON-RR HH.MI.SSXFF AM'));
Insert into VITALITY.ATTENDANCE (ATTENDANCEID,SHIFTID,EMPLOYEEID,STATUS,CLOCKINTIME,CLOCKOUTTIME) values (8040,1040,202,'ONTIME',to_timestamp('13-DEC-25 06.00.00.000000000 AM','DD-MON-RR HH.MI.SSXFF AM'),to_timestamp('13-DEC-25 03.00.00.000000000 PM','DD-MON-RR HH.MI.SSXFF AM'));
Insert into VITALITY.ATTENDANCE (ATTENDANCEID,SHIFTID,EMPLOYEEID,STATUS,CLOCKINTIME,CLOCKOUTTIME) values (8041,1041,201,'ONTIME',to_timestamp('14-DEC-25 06.00.00.000000000 AM','DD-MON-RR HH.MI.SSXFF AM'),to_timestamp('14-DEC-25 03.00.00.000000000 PM','DD-MON-RR HH.MI.SSXFF AM'));
Insert into VITALITY.ATTENDANCE (ATTENDANCEID,SHIFTID,EMPLOYEEID,STATUS,CLOCKINTIME,CLOCKOUTTIME) values (8042,1042,203,'ONTIME',to_timestamp('21-NOV-25 06.00.00.000000000 AM','DD-MON-RR HH.MI.SSXFF AM'),to_timestamp('21-NOV-25 03.00.00.000000000 PM','DD-MON-RR HH.MI.SSXFF AM'));
Insert into VITALITY.ATTENDANCE (ATTENDANCEID,SHIFTID,EMPLOYEEID,STATUS,CLOCKINTIME,CLOCKOUTTIME) values (8043,1043,201,'ABSENT',null,null);
Insert into VITALITY.ATTENDANCE (ATTENDANCEID,SHIFTID,EMPLOYEEID,STATUS,CLOCKINTIME,CLOCKOUTTIME) values (8044,1044,201,'ONTIME',to_timestamp('29-NOV-25 06.00.00.000000000 AM','DD-MON-RR HH.MI.SSXFF AM'),to_timestamp('29-NOV-25 03.00.00.000000000 PM','DD-MON-RR HH.MI.SSXFF AM'));
Insert into VITALITY.ATTENDANCE (ATTENDANCEID,SHIFTID,EMPLOYEEID,STATUS,CLOCKINTIME,CLOCKOUTTIME) values (8045,1045,203,'ONTIME',to_timestamp('19-DEC-25 06.00.00.000000000 AM','DD-MON-RR HH.MI.SSXFF AM'),to_timestamp('19-DEC-25 03.00.00.000000000 PM','DD-MON-RR HH.MI.SSXFF AM'));
Insert into VITALITY.ATTENDANCE (ATTENDANCEID,SHIFTID,EMPLOYEEID,STATUS,CLOCKINTIME,CLOCKOUTTIME) values (8046,1046,202,'LATE',to_timestamp('05-DEC-25 06.06.00.000000000 AM','DD-MON-RR HH.MI.SSXFF AM'),to_timestamp('05-DEC-25 03.00.00.000000000 PM','DD-MON-RR HH.MI.SSXFF AM'));
Insert into VITALITY.ATTENDANCE (ATTENDANCEID,SHIFTID,EMPLOYEEID,STATUS,CLOCKINTIME,CLOCKOUTTIME) values (8047,1047,201,'ONTIME',to_timestamp('18-NOV-25 03.00.00.000000000 PM','DD-MON-RR HH.MI.SSXFF AM'),to_timestamp('19-NOV-25 12.00.00.000000000 AM','DD-MON-RR HH.MI.SSXFF AM'));
Insert into VITALITY.ATTENDANCE (ATTENDANCEID,SHIFTID,EMPLOYEEID,STATUS,CLOCKINTIME,CLOCKOUTTIME) values (8048,1048,201,'ONTIME',to_timestamp('24-NOV-25 06.00.00.000000000 AM','DD-MON-RR HH.MI.SSXFF AM'),to_timestamp('24-NOV-25 03.00.00.000000000 PM','DD-MON-RR HH.MI.SSXFF AM'));
Insert into VITALITY.ATTENDANCE (ATTENDANCEID,SHIFTID,EMPLOYEEID,STATUS,CLOCKINTIME,CLOCKOUTTIME) values (8049,1049,203,'ONTIME',to_timestamp('07-NOV-25 06.00.00.000000000 AM','DD-MON-RR HH.MI.SSXFF AM'),to_timestamp('07-NOV-25 03.00.00.000000000 PM','DD-MON-RR HH.MI.SSXFF AM'));
Insert into VITALITY.ATTENDANCE (ATTENDANCEID,SHIFTID,EMPLOYEEID,STATUS,CLOCKINTIME,CLOCKOUTTIME) values (8050,1050,201,'ONTIME',to_timestamp('03-NOV-25 03.00.00.000000000 PM','DD-MON-RR HH.MI.SSXFF AM'),to_timestamp('04-NOV-25 12.00.00.000000000 AM','DD-MON-RR HH.MI.SSXFF AM'));
Insert into VITALITY.ATTENDANCE (ATTENDANCEID,SHIFTID,EMPLOYEEID,STATUS,CLOCKINTIME,CLOCKOUTTIME) values (8051,1051,201,'ONTIME',to_timestamp('28-NOV-25 06.00.00.000000000 AM','DD-MON-RR HH.MI.SSXFF AM'),to_timestamp('28-NOV-25 03.00.00.000000000 PM','DD-MON-RR HH.MI.SSXFF AM'));
Insert into VITALITY.ATTENDANCE (ATTENDANCEID,SHIFTID,EMPLOYEEID,STATUS,CLOCKINTIME,CLOCKOUTTIME) values (8052,1052,201,'ONTIME',to_timestamp('20-NOV-25 06.00.00.000000000 AM','DD-MON-RR HH.MI.SSXFF AM'),to_timestamp('20-NOV-25 03.00.00.000000000 PM','DD-MON-RR HH.MI.SSXFF AM'));
Insert into VITALITY.ATTENDANCE (ATTENDANCEID,SHIFTID,EMPLOYEEID,STATUS,CLOCKINTIME,CLOCKOUTTIME) values (8053,1053,203,'ONTIME',to_timestamp('16-NOV-25 03.00.00.000000000 PM','DD-MON-RR HH.MI.SSXFF AM'),to_timestamp('17-NOV-25 12.00.00.000000000 AM','DD-MON-RR HH.MI.SSXFF AM'));
Insert into VITALITY.ATTENDANCE (ATTENDANCEID,SHIFTID,EMPLOYEEID,STATUS,CLOCKINTIME,CLOCKOUTTIME) values (8054,1054,206,'ONTIME',to_timestamp('30-NOV-25 03.00.00.000000000 PM','DD-MON-RR HH.MI.SSXFF AM'),to_timestamp('01-DEC-25 12.00.00.000000000 AM','DD-MON-RR HH.MI.SSXFF AM'));
Insert into VITALITY.ATTENDANCE (ATTENDANCEID,SHIFTID,EMPLOYEEID,STATUS,CLOCKINTIME,CLOCKOUTTIME) values (8055,1055,202,'ONTIME',to_timestamp('24-DEC-25 03.00.00.000000000 PM','DD-MON-RR HH.MI.SSXFF AM'),to_timestamp('25-DEC-25 12.00.00.000000000 AM','DD-MON-RR HH.MI.SSXFF AM'));
Insert into VITALITY.ATTENDANCE (ATTENDANCEID,SHIFTID,EMPLOYEEID,STATUS,CLOCKINTIME,CLOCKOUTTIME) values (8056,1056,201,'ONTIME',to_timestamp('22-NOV-25 06.00.00.000000000 AM','DD-MON-RR HH.MI.SSXFF AM'),to_timestamp('22-NOV-25 03.00.00.000000000 PM','DD-MON-RR HH.MI.SSXFF AM'));
Insert into VITALITY.ATTENDANCE (ATTENDANCEID,SHIFTID,EMPLOYEEID,STATUS,CLOCKINTIME,CLOCKOUTTIME) values (8057,1057,201,'ONTIME',to_timestamp('11-DEC-25 06.00.00.000000000 AM','DD-MON-RR HH.MI.SSXFF AM'),to_timestamp('11-DEC-25 03.00.00.000000000 PM','DD-MON-RR HH.MI.SSXFF AM'));
Insert into VITALITY.ATTENDANCE (ATTENDANCEID,SHIFTID,EMPLOYEEID,STATUS,CLOCKINTIME,CLOCKOUTTIME) values (8058,1058,201,'ONTIME',to_timestamp('06-NOV-25 03.00.00.000000000 PM','DD-MON-RR HH.MI.SSXFF AM'),to_timestamp('07-NOV-25 12.00.00.000000000 AM','DD-MON-RR HH.MI.SSXFF AM'));
Insert into VITALITY.ATTENDANCE (ATTENDANCEID,SHIFTID,EMPLOYEEID,STATUS,CLOCKINTIME,CLOCKOUTTIME) values (8059,1059,204,'ONTIME',to_timestamp('17-DEC-25 06.00.00.000000000 AM','DD-MON-RR HH.MI.SSXFF AM'),to_timestamp('17-DEC-25 03.00.00.000000000 PM','DD-MON-RR HH.MI.SSXFF AM'));
Insert into VITALITY.ATTENDANCE (ATTENDANCEID,SHIFTID,EMPLOYEEID,STATUS,CLOCKINTIME,CLOCKOUTTIME) values (8060,1060,201,'ONTIME',to_timestamp('16-DEC-25 06.00.00.000000000 AM','DD-MON-RR HH.MI.SSXFF AM'),to_timestamp('16-DEC-25 03.00.00.000000000 PM','DD-MON-RR HH.MI.SSXFF AM'));
REM INSERTING into VITALITY.EMPLOYEE
SET DEFINE OFF;
Insert into VITALITY.EMPLOYEE (EMPLOYEEID,EMPLOYEENUMBER,EMPLOYEEROLE,EMPLOYEEADDRESS,EMPLOYEERATE,EMPLOYEEHIREDON,ANNUALLEAVEBALANCE,SICKLEAVEBALANCE,EMERGENCYLEAVEBALANCE,SUPERVISOREMPLOYEEID,EMPLOYEENAME) values (101,'0123456789','Supervisor','No. 12, Jalan Tun Razak, 50400 Kuala Lumpur',9800,to_date('03-NOV-25','DD-MON-RR'),14,10,5,null,'Ahmad Zaki');
Insert into VITALITY.EMPLOYEE (EMPLOYEEID,EMPLOYEENUMBER,EMPLOYEEROLE,EMPLOYEEADDRESS,EMPLOYEERATE,EMPLOYEEHIREDON,ANNUALLEAVEBALANCE,SICKLEAVEBALANCE,EMERGENCYLEAVEBALANCE,SUPERVISOREMPLOYEEID,EMPLOYEENAME) values (102,'0134567890','Supervisor','No. 8, Persiaran Perdana, 62100 Putrajaya',8700,to_date('10-NOV-25','DD-MON-RR'),12,8,4,null,'Siti Aisyah');
Insert into VITALITY.EMPLOYEE (EMPLOYEEID,EMPLOYEENUMBER,EMPLOYEEROLE,EMPLOYEEADDRESS,EMPLOYEERATE,EMPLOYEEHIREDON,ANNUALLEAVEBALANCE,SICKLEAVEBALANCE,EMERGENCYLEAVEBALANCE,SUPERVISOREMPLOYEEID,EMPLOYEENAME) values (201,'0172345678','Staff','No. 25, Jalan Sultan Ismail, 50250 Kuala Lumpur',3200,to_date('05-NOV-25','DD-MON-RR'),10,8,3,101,'Lim Wei Jian');
Insert into VITALITY.EMPLOYEE (EMPLOYEEID,EMPLOYEENUMBER,EMPLOYEEROLE,EMPLOYEEADDRESS,EMPLOYEERATE,EMPLOYEEHIREDON,ANNUALLEAVEBALANCE,SICKLEAVEBALANCE,EMERGENCYLEAVEBALANCE,SUPERVISOREMPLOYEEID,EMPLOYEENAME) values (202,'0183456789','Staff','No. 18, Jalan Alor, 50200 Kuala Lumpur',2800,to_date('12-NOV-25','DD-MON-RR'),8,6,2,101,'Nur Farah');
Insert into VITALITY.EMPLOYEE (EMPLOYEEID,EMPLOYEENUMBER,EMPLOYEEROLE,EMPLOYEEADDRESS,EMPLOYEERATE,EMPLOYEEHIREDON,ANNUALLEAVEBALANCE,SICKLEAVEBALANCE,EMERGENCYLEAVEBALANCE,SUPERVISOREMPLOYEEID,EMPLOYEENAME) values (203,'0164567890','Staff','No. 9, Jalan Raja Chulan, 50200 Kuala Lumpur',3500,to_date('18-NOV-25','DD-MON-RR'),10,8,3,102,'Raj Kumar');
Insert into VITALITY.EMPLOYEE (EMPLOYEEID,EMPLOYEENUMBER,EMPLOYEEROLE,EMPLOYEEADDRESS,EMPLOYEERATE,EMPLOYEEHIREDON,ANNUALLEAVEBALANCE,SICKLEAVEBALANCE,EMERGENCYLEAVEBALANCE,SUPERVISOREMPLOYEEID,EMPLOYEENAME) values (204,'0195678901','Staff','No. 77, Jalan Gurney, 10350 George Town, Penang',4200,to_date('02-DEC-25','DD-MON-RR'),12,8,3,102,'Aiman Hakim');
Insert into VITALITY.EMPLOYEE (EMPLOYEEID,EMPLOYEENUMBER,EMPLOYEEROLE,EMPLOYEEADDRESS,EMPLOYEERATE,EMPLOYEEHIREDON,ANNUALLEAVEBALANCE,SICKLEAVEBALANCE,EMERGENCYLEAVEBALANCE,SUPERVISOREMPLOYEEID,EMPLOYEENAME) values (205,'0146789012','Staff','No. 3, Jalan Dato Keramat, 10150 George Town, Penang',2600,to_date('05-DEC-25','DD-MON-RR'),8,6,2,101,'Tan Mei Ling');
Insert into VITALITY.EMPLOYEE (EMPLOYEEID,EMPLOYEENUMBER,EMPLOYEEROLE,EMPLOYEEADDRESS,EMPLOYEERATE,EMPLOYEEHIREDON,ANNUALLEAVEBALANCE,SICKLEAVEBALANCE,EMERGENCYLEAVEBALANCE,SUPERVISOREMPLOYEEID,EMPLOYEENAME) values (206,'0157890123','Staff','No. 41, Jalan Wong Ah Fook, 80000 Johor Bahru, Johor',3000,to_date('08-DEC-25','DD-MON-RR'),10,6,2,101,'Suresh Anand');
Insert into VITALITY.EMPLOYEE (EMPLOYEEID,EMPLOYEENUMBER,EMPLOYEEROLE,EMPLOYEEADDRESS,EMPLOYEERATE,EMPLOYEEHIREDON,ANNUALLEAVEBALANCE,SICKLEAVEBALANCE,EMERGENCYLEAVEBALANCE,SUPERVISOREMPLOYEEID,EMPLOYEENAME) values (207,'0118901234','Staff','No. 15, Jalan PJU 5/1, Kota Damansara, 47810 Petaling Jaya',3900,to_date('12-DEC-25','DD-MON-RR'),12,8,3,102,'Nur Izzati');
REM INSERTING into VITALITY.LEAVEREQUEST
SET DEFINE OFF;
Insert into VITALITY.LEAVEREQUEST (REQUESTID,EMPLOYEEID,TYPE,STARTDATE,ENDDATE,LEAVESTATUS,) values (9001,205,'Annual',to_date('22-DEC-25','DD-MON-RR'),to_date('24-DEC-25','DD-MON-RR'),'Approved','Cuti hujung tahun.');
Insert into VITALITY.LEAVEREQUEST (REQUESTID,EMPLOYEEID,TYPE,STARTDATE,ENDDATE,LEAVESTATUS,) values (9002,202,'Sick',to_date('06-NOV-25','DD-MON-RR'),to_date('07-NOV-25','DD-MON-RR'),'Approved','MC kerana demam.');
Insert into VITALITY.LEAVEREQUEST (REQUESTID,EMPLOYEEID,TYPE,STARTDATE,ENDDATE,LEAVESTATUS,) values (9003,203,'Emergency',to_date('10-DEC-25','DD-MON-RR'),to_date('12-DEC-25','DD-MON-RR'),'Approved','Urusan kecemasan keluarga.');
Insert into VITALITY.LEAVEREQUEST (REQUESTID,EMPLOYEEID,TYPE,STARTDATE,ENDDATE,LEAVESTATUS,) values (9004,201,'Annual',to_date('14-NOV-25','DD-MON-RR'),to_date('15-NOV-25','DD-MON-RR'),'Rejected','Cuti keluarga di kampung.');
Insert into VITALITY.LEAVEREQUEST (REQUESTID,EMPLOYEEID,TYPE,STARTDATE,ENDDATE,LEAVESTATUS,) values (9005,207,'Sick',to_date('03-DEC-25','DD-MON-RR'),to_date('04-DEC-25','DD-MON-RR'),'Approved','Temujanji klinik.');
Insert into VITALITY.LEAVEREQUEST (REQUESTID,EMPLOYEEID,TYPE,STARTDATE,ENDDATE,LEAVESTATUS,) values (9006,206,'Emergency',to_date('25-NOV-25','DD-MON-RR'),to_date('26-NOV-25','DD-MON-RR'),'Approved','Urusan kecemasan keluarga.');
Insert into VITALITY.LEAVEREQUEST (REQUESTID,EMPLOYEEID,TYPE,STARTDATE,ENDDATE,LEAVESTATUS,) values (9007,204,'Annual',to_date('26-DEC-25','DD-MON-RR'),to_date('28-DEC-25','DD-MON-RR'),'Pending','Cuti hujung tahun.');
Insert into VITALITY.LEAVEREQUEST (REQUESTID,EMPLOYEEID,TYPE,STARTDATE,ENDDATE,LEAVESTATUS,) values (9008,205,'Sick',to_date('10-NOV-25','DD-MON-RR'),to_date('11-NOV-25','DD-MON-RR'),'Approved','MC kerana demam.');
Insert into VITALITY.LEAVEREQUEST (REQUESTID,EMPLOYEEID,TYPE,STARTDATE,ENDDATE,LEAVESTATUS,) values (9009,203,'Annual',to_date('15-DEC-25','DD-MON-RR'),to_date('16-DEC-25','DD-MON-RR'),'Approved','Cuti keluarga di kampung.');
Insert into VITALITY.LEAVEREQUEST (REQUESTID,EMPLOYEEID,TYPE,STARTDATE,ENDDATE,LEAVESTATUS,) values (9010,202,'Emergency',to_date('28-NOV-25','DD-MON-RR'),to_date('30-NOV-25','DD-MON-RR'),'Approved','Urusan kecemasan keluarga.');
REM INSERTING into VITALITY.OWNER
SET DEFINE OFF;
Insert into VITALITY.OWNER (OWNERID,OWNEREMAIL,OWNERPASSWORD) values (1,'farah.nasir@vitality.com.my','V!t@lity2025');
Insert into VITALITY.OWNER (OWNERID,OWNEREMAIL,OWNERPASSWORD) values (2,'lim.junwei@vitality.com.my','V!t@lity2025');
REM INSERTING into VITALITY.PAYROLL
SET DEFINE OFF;
Insert into VITALITY.PAYROLL (PAYROLLID,EMPLOYEEID,OWNERID,PAYMENTDATE,MONTHLYSALARY) values (7001,101,1,to_date('30-NOV-25','DD-MON-RR'),9800);
Insert into VITALITY.PAYROLL (PAYROLLID,EMPLOYEEID,OWNERID,PAYMENTDATE,MONTHLYSALARY) values (7002,101,2,to_date('31-DEC-25','DD-MON-RR'),10750);
Insert into VITALITY.PAYROLL (PAYROLLID,EMPLOYEEID,OWNERID,PAYMENTDATE,MONTHLYSALARY) values (7003,102,1,to_date('30-NOV-25','DD-MON-RR'),8700);
Insert into VITALITY.PAYROLL (PAYROLLID,EMPLOYEEID,OWNERID,PAYMENTDATE,MONTHLYSALARY) values (7004,102,2,to_date('31-DEC-25','DD-MON-RR'),9350);
Insert into VITALITY.PAYROLL (PAYROLLID,EMPLOYEEID,OWNERID,PAYMENTDATE,MONTHLYSALARY) values (7005,201,1,to_date('30-NOV-25','DD-MON-RR'),3200);
Insert into VITALITY.PAYROLL (PAYROLLID,EMPLOYEEID,OWNERID,PAYMENTDATE,MONTHLYSALARY) values (7006,201,2,to_date('31-DEC-25','DD-MON-RR'),3200);
Insert into VITALITY.PAYROLL (PAYROLLID,EMPLOYEEID,OWNERID,PAYMENTDATE,MONTHLYSALARY) values (7007,202,1,to_date('30-NOV-25','DD-MON-RR'),2800);
Insert into VITALITY.PAYROLL (PAYROLLID,EMPLOYEEID,OWNERID,PAYMENTDATE,MONTHLYSALARY) values (7008,202,2,to_date('31-DEC-25','DD-MON-RR'),2800);
Insert into VITALITY.PAYROLL (PAYROLLID,EMPLOYEEID,OWNERID,PAYMENTDATE,MONTHLYSALARY) values (7009,203,1,to_date('30-NOV-25','DD-MON-RR'),3500);
Insert into VITALITY.PAYROLL (PAYROLLID,EMPLOYEEID,OWNERID,PAYMENTDATE,MONTHLYSALARY) values (7010,203,2,to_date('31-DEC-25','DD-MON-RR'),3500);
Insert into VITALITY.PAYROLL (PAYROLLID,EMPLOYEEID,OWNERID,PAYMENTDATE,MONTHLYSALARY) values (7011,204,1,to_date('30-NOV-25','DD-MON-RR'),4200);
Insert into VITALITY.PAYROLL (PAYROLLID,EMPLOYEEID,OWNERID,PAYMENTDATE,MONTHLYSALARY) values (7012,204,2,to_date('31-DEC-25','DD-MON-RR'),4200);
Insert into VITALITY.PAYROLL (PAYROLLID,EMPLOYEEID,OWNERID,PAYMENTDATE,MONTHLYSALARY) values (7013,205,1,to_date('30-NOV-25','DD-MON-RR'),2600);
Insert into VITALITY.PAYROLL (PAYROLLID,EMPLOYEEID,OWNERID,PAYMENTDATE,MONTHLYSALARY) values (7014,205,2,to_date('31-DEC-25','DD-MON-RR'),2600);
Insert into VITALITY.PAYROLL (PAYROLLID,EMPLOYEEID,OWNERID,PAYMENTDATE,MONTHLYSALARY) values (7015,206,1,to_date('30-NOV-25','DD-MON-RR'),3000);
Insert into VITALITY.PAYROLL (PAYROLLID,EMPLOYEEID,OWNERID,PAYMENTDATE,MONTHLYSALARY) values (7016,206,2,to_date('31-DEC-25','DD-MON-RR'),3000);
Insert into VITALITY.PAYROLL (PAYROLLID,EMPLOYEEID,OWNERID,PAYMENTDATE,MONTHLYSALARY) values (7017,207,1,to_date('30-NOV-25','DD-MON-RR'),3900);
Insert into VITALITY.PAYROLL (PAYROLLID,EMPLOYEEID,OWNERID,PAYMENTDATE,MONTHLYSALARY) values (7018,207,2,to_date('31-DEC-25','DD-MON-RR'),3900);
REM INSERTING into VITALITY.SHIFT
SET DEFINE OFF;
Insert into VITALITY.SHIFT (SHIFTID,EMPLOYEEID,SHIFTDATE,SHIFTTYPE) values (1001,201,to_date('01-DEC-25','DD-MON-RR'),'Morning');
Insert into VITALITY.SHIFT (SHIFTID,EMPLOYEEID,SHIFTDATE,SHIFTTYPE) values (1002,203,to_date('08-NOV-25','DD-MON-RR'),'Morning');
Insert into VITALITY.SHIFT (SHIFTID,EMPLOYEEID,SHIFTDATE,SHIFTTYPE) values (1003,203,to_date('29-NOV-25','DD-MON-RR'),'Evening');
Insert into VITALITY.SHIFT (SHIFTID,EMPLOYEEID,SHIFTDATE,SHIFTTYPE) values (1004,201,to_date('24-DEC-25','DD-MON-RR'),'Evening');
Insert into VITALITY.SHIFT (SHIFTID,EMPLOYEEID,SHIFTDATE,SHIFTTYPE) values (1005,203,to_date('13-NOV-25','DD-MON-RR'),'Evening');
Insert into VITALITY.SHIFT (SHIFTID,EMPLOYEEID,SHIFTDATE,SHIFTTYPE) values (1006,202,to_date('19-NOV-25','DD-MON-RR'),'Morning');
Insert into VITALITY.SHIFT (SHIFTID,EMPLOYEEID,SHIFTDATE,SHIFTTYPE) values (1007,201,to_date('21-DEC-25','DD-MON-RR'),'Evening');
Insert into VITALITY.SHIFT (SHIFTID,EMPLOYEEID,SHIFTDATE,SHIFTTYPE) values (1008,201,to_date('27-NOV-25','DD-MON-RR'),'Morning');
Insert into VITALITY.SHIFT (SHIFTID,EMPLOYEEID,SHIFTDATE,SHIFTTYPE) values (1009,203,to_date('28-DEC-25','DD-MON-RR'),'Evening');
Insert into VITALITY.SHIFT (SHIFTID,EMPLOYEEID,SHIFTDATE,SHIFTTYPE) values (1010,203,to_date('30-DEC-25','DD-MON-RR'),'Evening');
Insert into VITALITY.SHIFT (SHIFTID,EMPLOYEEID,SHIFTDATE,SHIFTTYPE) values (1011,201,to_date('07-NOV-25','DD-MON-RR'),'Evening');
Insert into VITALITY.SHIFT (SHIFTID,EMPLOYEEID,SHIFTDATE,SHIFTTYPE) values (1012,201,to_date('02-NOV-25','DD-MON-RR'),'Morning');
Insert into VITALITY.SHIFT (SHIFTID,EMPLOYEEID,SHIFTDATE,SHIFTTYPE) values (1013,203,to_date('08-DEC-25','DD-MON-RR'),'Evening');
Insert into VITALITY.SHIFT (SHIFTID,EMPLOYEEID,SHIFTDATE,SHIFTTYPE) values (1014,207,to_date('29-DEC-25','DD-MON-RR'),'Morning');
Insert into VITALITY.SHIFT (SHIFTID,EMPLOYEEID,SHIFTDATE,SHIFTTYPE) values (1015,201,to_date('05-NOV-25','DD-MON-RR'),'Morning');
Insert into VITALITY.SHIFT (SHIFTID,EMPLOYEEID,SHIFTDATE,SHIFTTYPE) values (1016,201,to_date('14-DEC-25','DD-MON-RR'),'Evening');
Insert into VITALITY.SHIFT (SHIFTID,EMPLOYEEID,SHIFTDATE,SHIFTTYPE) values (1017,201,to_date('17-DEC-25','DD-MON-RR'),'Morning');
Insert into VITALITY.SHIFT (SHIFTID,EMPLOYEEID,SHIFTDATE,SHIFTTYPE) values (1018,201,to_date('01-NOV-25','DD-MON-RR'),'Morning');
Insert into VITALITY.SHIFT (SHIFTID,EMPLOYEEID,SHIFTDATE,SHIFTTYPE) values (1019,203,to_date('24-DEC-25','DD-MON-RR'),'Morning');
Insert into VITALITY.SHIFT (SHIFTID,EMPLOYEEID,SHIFTDATE,SHIFTTYPE) values (1020,201,to_date('12-NOV-25','DD-MON-RR'),'Morning');
Insert into VITALITY.SHIFT (SHIFTID,EMPLOYEEID,SHIFTDATE,SHIFTTYPE) values (1021,202,to_date('13-NOV-25','DD-MON-RR'),'Evening');
Insert into VITALITY.SHIFT (SHIFTID,EMPLOYEEID,SHIFTDATE,SHIFTTYPE) values (1022,201,to_date('20-NOV-25','DD-MON-RR'),'Morning');
Insert into VITALITY.SHIFT (SHIFTID,EMPLOYEEID,SHIFTDATE,SHIFTTYPE) values (1023,201,to_date('12-DEC-25','DD-MON-RR'),'Evening');
Insert into VITALITY.SHIFT (SHIFTID,EMPLOYEEID,SHIFTDATE,SHIFTTYPE) values (1024,201,to_date('06-DEC-25','DD-MON-RR'),'Evening');
Insert into VITALITY.SHIFT (SHIFTID,EMPLOYEEID,SHIFTDATE,SHIFTTYPE) values (1025,203,to_date('07-DEC-25','DD-MON-RR'),'Evening');
Insert into VITALITY.SHIFT (SHIFTID,EMPLOYEEID,SHIFTDATE,SHIFTTYPE) values (1026,202,to_date('04-NOV-25','DD-MON-RR'),'Morning');
Insert into VITALITY.SHIFT (SHIFTID,EMPLOYEEID,SHIFTDATE,SHIFTTYPE) values (1027,202,to_date('11-DEC-25','DD-MON-RR'),'Morning');
Insert into VITALITY.SHIFT (SHIFTID,EMPLOYEEID,SHIFTDATE,SHIFTTYPE) values (1028,203,to_date('18-NOV-25','DD-MON-RR'),'Morning');
Insert into VITALITY.SHIFT (SHIFTID,EMPLOYEEID,SHIFTDATE,SHIFTTYPE) values (1029,203,to_date('13-DEC-25','DD-MON-RR'),'Evening');
Insert into VITALITY.SHIFT (SHIFTID,EMPLOYEEID,SHIFTDATE,SHIFTTYPE) values (1030,202,to_date('09-DEC-25','DD-MON-RR'),'Morning');
Insert into VITALITY.SHIFT (SHIFTID,EMPLOYEEID,SHIFTDATE,SHIFTTYPE) values (1031,201,to_date('19-NOV-25','DD-MON-RR'),'Morning');
Insert into VITALITY.SHIFT (SHIFTID,EMPLOYEEID,SHIFTDATE,SHIFTTYPE) values (1032,201,to_date('17-NOV-25','DD-MON-RR'),'Morning');
Insert into VITALITY.SHIFT (SHIFTID,EMPLOYEEID,SHIFTDATE,SHIFTTYPE) values (1033,201,to_date('22-NOV-25','DD-MON-RR'),'Morning');
Insert into VITALITY.SHIFT (SHIFTID,EMPLOYEEID,SHIFTDATE,SHIFTTYPE) values (1034,203,to_date('13-DEC-25','DD-MON-RR'),'Morning');
Insert into VITALITY.SHIFT (SHIFTID,EMPLOYEEID,SHIFTDATE,SHIFTTYPE) values (1035,203,to_date('26-NOV-25','DD-MON-RR'),'Evening');
Insert into VITALITY.SHIFT (SHIFTID,EMPLOYEEID,SHIFTDATE,SHIFTTYPE) values (1036,203,to_date('09-NOV-25','DD-MON-RR'),'Morning');
Insert into VITALITY.SHIFT (SHIFTID,EMPLOYEEID,SHIFTDATE,SHIFTTYPE) values (1037,203,to_date('02-NOV-25','DD-MON-RR'),'Evening');
Insert into VITALITY.SHIFT (SHIFTID,EMPLOYEEID,SHIFTDATE,SHIFTTYPE) values (1038,201,to_date('28-DEC-25','DD-MON-RR'),'Morning');
Insert into VITALITY.SHIFT (SHIFTID,EMPLOYEEID,SHIFTDATE,SHIFTTYPE) values (1039,207,to_date('30-DEC-25','DD-MON-RR'),'Morning');
Insert into VITALITY.SHIFT (SHIFTID,EMPLOYEEID,SHIFTDATE,SHIFTTYPE) values (1040,202,to_date('13-DEC-25','DD-MON-RR'),'Morning');
Insert into VITALITY.SHIFT (SHIFTID,EMPLOYEEID,SHIFTDATE,SHIFTTYPE) values (1041,201,to_date('14-DEC-25','DD-MON-RR'),'Morning');
Insert into VITALITY.SHIFT (SHIFTID,EMPLOYEEID,SHIFTDATE,SHIFTTYPE) values (1042,203,to_date('21-NOV-25','DD-MON-RR'),'Morning');
Insert into VITALITY.SHIFT (SHIFTID,EMPLOYEEID,SHIFTDATE,SHIFTTYPE) values (1043,201,to_date('02-DEC-25','DD-MON-RR'),'Evening');
Insert into VITALITY.SHIFT (SHIFTID,EMPLOYEEID,SHIFTDATE,SHIFTTYPE) values (1044,201,to_date('29-NOV-25','DD-MON-RR'),'Morning');
Insert into VITALITY.SHIFT (SHIFTID,EMPLOYEEID,SHIFTDATE,SHIFTTYPE) values (1045,203,to_date('19-DEC-25','DD-MON-RR'),'Morning');
Insert into VITALITY.SHIFT (SHIFTID,EMPLOYEEID,SHIFTDATE,SHIFTTYPE) values (1046,202,to_date('05-DEC-25','DD-MON-RR'),'Morning');
Insert into VITALITY.SHIFT (SHIFTID,EMPLOYEEID,SHIFTDATE,SHIFTTYPE) values (1047,201,to_date('18-NOV-25','DD-MON-RR'),'Evening');
Insert into VITALITY.SHIFT (SHIFTID,EMPLOYEEID,SHIFTDATE,SHIFTTYPE) values (1048,201,to_date('24-NOV-25','DD-MON-RR'),'Morning');
Insert into VITALITY.SHIFT (SHIFTID,EMPLOYEEID,SHIFTDATE,SHIFTTYPE) values (1049,203,to_date('07-NOV-25','DD-MON-RR'),'Morning');
Insert into VITALITY.SHIFT (SHIFTID,EMPLOYEEID,SHIFTDATE,SHIFTTYPE) values (1050,201,to_date('03-NOV-25','DD-MON-RR'),'Evening');
Insert into VITALITY.SHIFT (SHIFTID,EMPLOYEEID,SHIFTDATE,SHIFTTYPE) values (1051,201,to_date('28-NOV-25','DD-MON-RR'),'Morning');
Insert into VITALITY.SHIFT (SHIFTID,EMPLOYEEID,SHIFTDATE,SHIFTTYPE) values (1052,201,to_date('20-NOV-25','DD-MON-RR'),'Morning');
Insert into VITALITY.SHIFT (SHIFTID,EMPLOYEEID,SHIFTDATE,SHIFTTYPE) values (1053,203,to_date('16-NOV-25','DD-MON-RR'),'Evening');
Insert into VITALITY.SHIFT (SHIFTID,EMPLOYEEID,SHIFTDATE,SHIFTTYPE) values (1054,206,to_date('30-NOV-25','DD-MON-RR'),'Evening');
Insert into VITALITY.SHIFT (SHIFTID,EMPLOYEEID,SHIFTDATE,SHIFTTYPE) values (1055,202,to_date('24-DEC-25','DD-MON-RR'),'Evening');
Insert into VITALITY.SHIFT (SHIFTID,EMPLOYEEID,SHIFTDATE,SHIFTTYPE) values (1056,201,to_date('22-NOV-25','DD-MON-RR'),'Morning');
Insert into VITALITY.SHIFT (SHIFTID,EMPLOYEEID,SHIFTDATE,SHIFTTYPE) values (1057,201,to_date('11-DEC-25','DD-MON-RR'),'Morning');
Insert into VITALITY.SHIFT (SHIFTID,EMPLOYEEID,SHIFTDATE,SHIFTTYPE) values (1058,201,to_date('06-NOV-25','DD-MON-RR'),'Evening');
Insert into VITALITY.SHIFT (SHIFTID,EMPLOYEEID,SHIFTDATE,SHIFTTYPE) values (1059,204,to_date('17-DEC-25','DD-MON-RR'),'Morning');
Insert into VITALITY.SHIFT (SHIFTID,EMPLOYEEID,SHIFTDATE,SHIFTTYPE) values (1060,201,to_date('16-DEC-25','DD-MON-RR'),'Morning');
REM INSERTING into VITALITY.STAFF
SET DEFINE OFF;
Insert into VITALITY.STAFF (EMPLOYEEID,HOURLYRATE,ASSIGNTASKCOUNT) values (201,20,19);
Insert into VITALITY.STAFF (EMPLOYEEID,HOURLYRATE,ASSIGNTASKCOUNT) values (202,12,9);
Insert into VITALITY.STAFF (EMPLOYEEID,HOURLYRATE,ASSIGNTASKCOUNT) values (203,18,15);
Insert into VITALITY.STAFF (EMPLOYEEID,HOURLYRATE,ASSIGNTASKCOUNT) values (204,13.5,11);
Insert into VITALITY.STAFF (EMPLOYEEID,HOURLYRATE,ASSIGNTASKCOUNT) values (205,13.5,12);
Insert into VITALITY.STAFF (EMPLOYEEID,HOURLYRATE,ASSIGNTASKCOUNT) values (206,25,10);
Insert into VITALITY.STAFF (EMPLOYEEID,HOURLYRATE,ASSIGNTASKCOUNT) values (207,15,10);
REM INSERTING into VITALITY.SUPERVISOR
SET DEFINE OFF;
Insert into VITALITY.SUPERVISOR (EMPLOYEEID,BONUSRATE) values (101,950);
Insert into VITALITY.SUPERVISOR (EMPLOYEEID,BONUSRATE) values (102,650);
REM INSERTING into VITALITY.TASK
SET DEFINE OFF;
Insert into VITALITY.TASK (TASKID,SHIFTID,TASKNAME,TASKDESCRIPTION,COMPLETIONSTATUS) values (5001,1001,'Member Check-in','Handle member check-in at reception; verify membership & bookings.','Completed');
Insert into VITALITY.TASK (TASKID,SHIFTID,TASKNAME,TASKDESCRIPTION,COMPLETIONSTATUS) values (5002,1001,'Towel & Water Restock','Restock towels and refill water station (tukar botol air / refill).','Unfinished');
Insert into VITALITY.TASK (TASKID,SHIFTID,TASKNAME,TASKDESCRIPTION,COMPLETIONSTATUS) values (5003,1002,'Equipment Sanitization','Wipe down cardio machines and benches with sanitizer spray.','Completed');
Insert into VITALITY.TASK (TASKID,SHIFTID,TASKNAME,TASKDESCRIPTION,COMPLETIONSTATUS) values (5004,1003,'Weights Re-racking','Re-rack dumbbells/plates; ensure correct weight order and safety.','Completed');
Insert into VITALITY.TASK (TASKID,SHIFTID,TASKNAME,TASKDESCRIPTION,COMPLETIONSTATUS) values (5005,1003,'Closing Checklist','Gym closing checklist: lights, lockers, doors, counter cash-up.','Completed');
Insert into VITALITY.TASK (TASKID,SHIFTID,TASKNAME,TASKDESCRIPTION,COMPLETIONSTATUS) values (5006,1004,'Group Class Setup','Prepare studio: mats, mic, speaker, and attendance list for class.','Completed');
Insert into VITALITY.TASK (TASKID,SHIFTID,TASKNAME,TASKDESCRIPTION,COMPLETIONSTATUS) values (5007,1004,'Music & Lighting Setup','Set gym playlist + adjust lighting in studio and main floor.','Unfinished');
Insert into VITALITY.TASK (TASKID,SHIFTID,TASKNAME,TASKDESCRIPTION,COMPLETIONSTATUS) values (5008,1005,'Customer Support (Gym)','Handle member enquiries: pricing, class schedule, locker issues.','Completed');
Insert into VITALITY.TASK (TASKID,SHIFTID,TASKNAME,TASKDESCRIPTION,COMPLETIONSTATUS) values (5009,1005,'Locker Inspection','Inspect lockers; report any damaged locks or missing keys.','Completed');
Insert into VITALITY.TASK (TASKID,SHIFTID,TASKNAME,TASKDESCRIPTION,COMPLETIONSTATUS) values (5010,1006,'Cardio Area Inspection','Check treadmills/ellipticals are working; log any error codes.','Completed');
Insert into VITALITY.TASK (TASKID,SHIFTID,TASKNAME,TASKDESCRIPTION,COMPLETIONSTATUS) values (5011,1007,'PT Session Scheduling','Confirm personal training slots; call/WhatsApp members for reminders.','Unfinished');
Insert into VITALITY.TASK (TASKID,SHIFTID,TASKNAME,TASKDESCRIPTION,COMPLETIONSTATUS) values (5012,1007,'Supplement Stock Check','Check protein/supplement stock; update low-stock list.','Completed');
Insert into VITALITY.TASK (TASKID,SHIFTID,TASKNAME,TASKDESCRIPTION,COMPLETIONSTATUS) values (5013,1008,'Floor Walkthrough','Walkthrough gym floor; ensure equipment is safe and tidy.','Completed');
Insert into VITALITY.TASK (TASKID,SHIFTID,TASKNAME,TASKDESCRIPTION,COMPLETIONSTATUS) values (5014,1008,'Member Assistance','Assist members with machine setup / basic form guidance.','Completed');
Insert into VITALITY.TASK (TASKID,SHIFTID,TASKNAME,TASKDESCRIPTION,COMPLETIONSTATUS) values (5015,1009,'Night Shift Safety Check','Check emergency exits, CCTV angles, and ensure AED/first-aid is accessible.','Unfinished');
Insert into VITALITY.TASK (TASKID,SHIFTID,TASKNAME,TASKDESCRIPTION,COMPLETIONSTATUS) values (5016,1010,'Washroom Cleaning','Clean washrooms: wipe sinks, mop floor, restock soap and tissue.','Completed');
Insert into VITALITY.TASK (TASKID,SHIFTID,TASKNAME,TASKDESCRIPTION,COMPLETIONSTATUS) values (5017,1011,'Front Desk Calls','Answer calls/messages: membership freeze, class booking, complaints.','Completed');
Insert into VITALITY.TASK (TASKID,SHIFTID,TASKNAME,TASKDESCRIPTION,COMPLETIONSTATUS) values (5018,1012,'Opening Checklist','Gym opening: unlock doors, power on AC, check music system.','Completed');
Insert into VITALITY.TASK (TASKID,SHIFTID,TASKNAME,TASKDESCRIPTION,COMPLETIONSTATUS) values (5019,1013,'Machine Maintenance Log','Log any equipment issues (belt noise, loose cable, screen error).','Completed');
Insert into VITALITY.TASK (TASKID,SHIFTID,TASKNAME,TASKDESCRIPTION,COMPLETIONSTATUS) values (5020,1013,'Towel Collection','Collect used towels; send to laundry area and replace clean stock.','Unfinished');
Insert into VITALITY.TASK (TASKID,SHIFTID,TASKNAME,TASKDESCRIPTION,COMPLETIONSTATUS) values (5021,1014,'New Member Tour','Give gym tour: rules, equipment zones, locker usage, safety tips.','Completed');
Insert into VITALITY.TASK (TASKID,SHIFTID,TASKNAME,TASKDESCRIPTION,COMPLETIONSTATUS) values (5022,1014,'Clean Studio Equipment','Sanitize mats, resistance bands, and yoga blocks after class.','Completed');
Insert into VITALITY.TASK (TASKID,SHIFTID,TASKNAME,TASKDESCRIPTION,COMPLETIONSTATUS) values (5023,1015,'Inventory (Gym Supplies)','Check cleaning supplies: sanitizer, paper towels, trash bags.','Completed');
Insert into VITALITY.TASK (TASKID,SHIFTID,TASKNAME,TASKDESCRIPTION,COMPLETIONSTATUS) values (5024,1016,'Weights Area Cleaning','Vacuum/mop weights area; clean mirrors and benches.','Completed');
Insert into VITALITY.TASK (TASKID,SHIFTID,TASKNAME,TASKDESCRIPTION,COMPLETIONSTATUS) values (5025,1016,'Lost & Found Log','Update lost & found items; tag and store properly.','Completed');
Insert into VITALITY.TASK (TASKID,SHIFTID,TASKNAME,TASKDESCRIPTION,COMPLETIONSTATUS) values (5026,1017,'Class Attendance Check','Verify class attendance list; update no-show members.','Completed');
Insert into VITALITY.TASK (TASKID,SHIFTID,TASKNAME,TASKDESCRIPTION,COMPLETIONSTATUS) values (5027,1017,'Refill Water Dispenser','Refill/replace water bottles; ensure cups are available.','Completed');
Insert into VITALITY.TASK (TASKID,SHIFTID,TASKNAME,TASKDESCRIPTION,COMPLETIONSTATUS) values (5028,1018,'Night Closing Checklist','Night closing: lock lockers area, check doors, power off unused zones.','Completed');
Insert into VITALITY.TASK (TASKID,SHIFTID,TASKNAME,TASKDESCRIPTION,COMPLETIONSTATUS) values (5029,1018,'Re-rack Free Weights','Re-rack dumbbells and plates; ensure walkways are clear.','Completed');
Insert into VITALITY.TASK (TASKID,SHIFTID,TASKNAME,TASKDESCRIPTION,COMPLETIONSTATUS) values (5030,1019,'Member Check-in','Manage check-in peak hour; verify QR/ID and assist new members.','Completed');
Insert into VITALITY.TASK (TASKID,SHIFTID,TASKNAME,TASKDESCRIPTION,COMPLETIONSTATUS) values (5031,1020,'Prepare Class Equipment','Set up cones, mats, and timer for HIIT / functional training.','Completed');
Insert into VITALITY.TASK (TASKID,SHIFTID,TASKNAME,TASKDESCRIPTION,COMPLETIONSTATUS) values (5032,1021,'Sanitize Touchpoints','Sanitize touchpoints: door handles, counters, lockers keypad.','Completed');
Insert into VITALITY.TASK (TASKID,SHIFTID,TASKNAME,TASKDESCRIPTION,COMPLETIONSTATUS) values (5033,1021,'Member Enquiries','Handle enquiries about promo, PT packages, and class bookings.','Unfinished');
Insert into VITALITY.TASK (TASKID,SHIFTID,TASKNAME,TASKDESCRIPTION,COMPLETIONSTATUS) values (5034,1022,'Equipment Inspection','Inspect cables, pins, bench screws; record issues for technician.','Completed');
Insert into VITALITY.TASK (TASKID,SHIFTID,TASKNAME,TASKDESCRIPTION,COMPLETIONSTATUS) values (5035,1022,'Restock Sanitizer','Top up sanitizer bottles around gym; replace empty spray heads.','Completed');
Insert into VITALITY.TASK (TASKID,SHIFTID,TASKNAME,TASKDESCRIPTION,COMPLETIONSTATUS) values (5036,1023,'Front Desk Admin','Update membership notes; follow-up on expired memberships.','Completed');
Insert into VITALITY.TASK (TASKID,SHIFTID,TASKNAME,TASKDESCRIPTION,COMPLETIONSTATUS) values (5037,1023,'PT Lead Follow-up','Follow up PT leads (WhatsApp) and propose trial session times.','Unfinished');
Insert into VITALITY.TASK (TASKID,SHIFTID,TASKNAME,TASKDESCRIPTION,COMPLETIONSTATUS) values (5038,1024,'Floor Mopping','Mop floor near cardio/weights; place wet floor signs.','Completed');
Insert into VITALITY.TASK (TASKID,SHIFTID,TASKNAME,TASKDESCRIPTION,COMPLETIONSTATUS) values (5039,1024,'Towel Counter Check','Check towel counter; log usage and reorder if low.','Completed');
Insert into VITALITY.TASK (TASKID,SHIFTID,TASKNAME,TASKDESCRIPTION,COMPLETIONSTATUS) values (5040,1025,'Studio Reset','Reset studio after class; sanitize mats and align equipment.','Completed');
Insert into VITALITY.TASK (TASKID,SHIFTID,TASKNAME,TASKDESCRIPTION,COMPLETIONSTATUS) values (5041,1025,'Safety Briefing','Quick safety reminder for members: re-rack, wipe equipment, hydrate.','Completed');
Insert into VITALITY.TASK (TASKID,SHIFTID,TASKNAME,TASKDESCRIPTION,COMPLETIONSTATUS) values (5042,1026,'Treadmill Check','Check treadmill belts; report unusual sound/vibration.','Unfinished');
Insert into VITALITY.TASK (TASKID,SHIFTID,TASKNAME,TASKDESCRIPTION,COMPLETIONSTATUS) values (5043,1026,'Refill Toiletries','Refill soap, shampoo dispenser, and tissue in locker rooms.','Completed');
Insert into VITALITY.TASK (TASKID,SHIFTID,TASKNAME,TASKDESCRIPTION,COMPLETIONSTATUS) values (5044,1027,'Reception Opening','Open counter: POS system, membership scanner, daily notices.','Completed');
Insert into VITALITY.TASK (TASKID,SHIFTID,TASKNAME,TASKDESCRIPTION,COMPLETIONSTATUS) values (5045,1027,'Member Check-in','Assist with check-in queue and answer quick questions.','Completed');
Insert into VITALITY.TASK (TASKID,SHIFTID,TASKNAME,TASKDESCRIPTION,COMPLETIONSTATUS) values (5046,1028,'Gym Tour','Walk new member around: cardio, weights, studio, rules (kasut/etika).','Unfinished');
Insert into VITALITY.TASK (TASKID,SHIFTID,TASKNAME,TASKDESCRIPTION,COMPLETIONSTATUS) values (5047,1029,'Deep Clean Benches','Deep clean benches and handles; replace torn grip tape if needed.','Completed');
Insert into VITALITY.TASK (TASKID,SHIFTID,TASKNAME,TASKDESCRIPTION,COMPLETIONSTATUS) values (5048,1029,'Member Enquiries','Handle enquiries: membership renewal, guest pass, class schedule.','Completed');
Insert into VITALITY.TASK (TASKID,SHIFTID,TASKNAME,TASKDESCRIPTION,COMPLETIONSTATUS) values (5049,1030,'Supplement Shelf Arrange','Arrange supplements; ensure pricing labels visible and tidy.','Completed');
Insert into VITALITY.TASK (TASKID,SHIFTID,TASKNAME,TASKDESCRIPTION,COMPLETIONSTATUS) values (5050,1030,'Rerack Reminder','Remind members to re-rack weights and wipe equipment.','Completed');
Insert into VITALITY.TASK (TASKID,SHIFTID,TASKNAME,TASKDESCRIPTION,COMPLETIONSTATUS) values (5051,1031,'Closing Cash-up','Do closing cash-up and reconcile memberships sold today.','Completed');
Insert into VITALITY.TASK (TASKID,SHIFTID,TASKNAME,TASKDESCRIPTION,COMPLETIONSTATUS) values (5052,1031,'Laundry Prep','Bag used towels; prepare for laundry pickup.','Completed');
Insert into VITALITY.TASK (TASKID,SHIFTID,TASKNAME,TASKDESCRIPTION,COMPLETIONSTATUS) values (5053,1032,'Class Prep','Prepare functional training area: kettlebells, bands, timer.','Completed');
Insert into VITALITY.TASK (TASKID,SHIFTID,TASKNAME,TASKDESCRIPTION,COMPLETIONSTATUS) values (5054,1032,'Equipment Wipe-down','Wipe benches and common equipment after peak hour.','Unfinished');
Insert into VITALITY.TASK (TASKID,SHIFTID,TASKNAME,TASKDESCRIPTION,COMPLETIONSTATUS) values (5055,1033,'Locker Room Cleaning','Clean lockers area and restock tissue/soap; check for smell/leaks.','Completed');
Insert into VITALITY.TASK (TASKID,SHIFTID,TASKNAME,TASKDESCRIPTION,COMPLETIONSTATUS) values (5056,1034,'Night Floor Patrol','Night patrol: ensure members follow rules; assist if needed.','Completed');
Insert into VITALITY.TASK (TASKID,SHIFTID,TASKNAME,TASKDESCRIPTION,COMPLETIONSTATUS) values (5057,1034,'Safety Equipment Check','Check fire extinguisher seal + AED indicator is OK.','Completed');
Insert into VITALITY.TASK (TASKID,SHIFTID,TASKNAME,TASKDESCRIPTION,COMPLETIONSTATUS) values (5058,1035,'PT Session Follow-up','Follow up PT clients after session; record feedback.','Completed');
Insert into VITALITY.TASK (TASKID,SHIFTID,TASKNAME,TASKDESCRIPTION,COMPLETIONSTATUS) values (5059,1035,'Handle Complaints','Handle member complaint and log resolution steps.','Unfinished');
Insert into VITALITY.TASK (TASKID,SHIFTID,TASKNAME,TASKDESCRIPTION,COMPLETIONSTATUS) values (5060,1036,'Reception Opening','Open counter and check booking system is online.','Completed');
Insert into VITALITY.TASK (TASKID,SHIFTID,TASKNAME,TASKDESCRIPTION,COMPLETIONSTATUS) values (5061,1036,'Studio Setup','Set up studio for yoga/spin; check speaker and mic.','Completed');
Insert into VITALITY.TASK (TASKID,SHIFTID,TASKNAME,TASKDESCRIPTION,COMPLETIONSTATUS) values (5062,1037,'Sanitize Machines','Sanitize machines after rush hour; focus on grips and screens.','Completed');
Insert into VITALITY.TASK (TASKID,SHIFTID,TASKNAME,TASKDESCRIPTION,COMPLETIONSTATUS) values (5063,1037,'Restock Cleaning Supplies','Refill sanitizer + paper towels; check mop bucket.','Completed');
Insert into VITALITY.TASK (TASKID,SHIFTID,TASKNAME,TASKDESCRIPTION,COMPLETIONSTATUS) values (5064,1038,'Member Assistance','Assist members with equipment settings; basic guidance only.','Completed');
Insert into VITALITY.TASK (TASKID,SHIFTID,TASKNAME,TASKDESCRIPTION,COMPLETIONSTATUS) values (5065,1038,'Re-rack Weights','Re-rack weights & clear walkways for safety.','Completed');
Insert into VITALITY.TASK (TASKID,SHIFTID,TASKNAME,TASKDESCRIPTION,COMPLETIONSTATUS) values (5066,1039,'Front Desk Admin','Update member notes and expired membership follow-ups.','Unfinished');
Insert into VITALITY.TASK (TASKID,SHIFTID,TASKNAME,TASKDESCRIPTION,COMPLETIONSTATUS) values (5067,1039,'Towel Inventory','Count towel usage; update towel balance log.','Completed');
Insert into VITALITY.TASK (TASKID,SHIFTID,TASKNAME,TASKDESCRIPTION,COMPLETIONSTATUS) values (5068,1040,'Equipment Check','Check cables/benches; tighten loose bolts and report issues.','Completed');
Insert into VITALITY.TASK (TASKID,SHIFTID,TASKNAME,TASKDESCRIPTION,COMPLETIONSTATUS) values (5069,1040,'Water Station Refill','Refill water station and clean surrounding area.','Completed');
Insert into VITALITY.TASK (TASKID,SHIFTID,TASKNAME,TASKDESCRIPTION,COMPLETIONSTATUS) values (5070,1041,'Deep Clean Studio','Deep clean studio floors; wipe mirrors and equipment.','Completed');
Insert into VITALITY.TASK (TASKID,SHIFTID,TASKNAME,TASKDESCRIPTION,COMPLETIONSTATUS) values (5071,1041,'Closing Checklist','Secure equipment storage and lock studio after cleaning.','Completed');
Insert into VITALITY.TASK (TASKID,SHIFTID,TASKNAME,TASKDESCRIPTION,COMPLETIONSTATUS) values (5072,1042,'Peak Hour Check-in','Handle peak hour check-in + assist booking changes.','Completed');
Insert into VITALITY.TASK (TASKID,SHIFTID,TASKNAME,TASKDESCRIPTION,COMPLETIONSTATUS) values (5073,1042,'Member Support','Assist members: locker reset, class info, payment questions.','Unfinished');
Insert into VITALITY.TASK (TASKID,SHIFTID,TASKNAME,TASKDESCRIPTION,COMPLETIONSTATUS) values (5074,1043,'Gym Floor Walkthrough','Check cleanliness and safety; note any hazards.','Completed');
Insert into VITALITY.TASK (TASKID,SHIFTID,TASKNAME,TASKDESCRIPTION,COMPLETIONSTATUS) values (5075,1043,'Re-stock Amenities','Restock soap/tissue/towels; check shower area.','Completed');
Insert into VITALITY.TASK (TASKID,SHIFTID,TASKNAME,TASKDESCRIPTION,COMPLETIONSTATUS) values (5076,1044,'Member Check-in','Manage check-ins and verify guest pass policy.','Completed');
Insert into VITALITY.TASK (TASKID,SHIFTID,TASKNAME,TASKDESCRIPTION,COMPLETIONSTATUS) values (5077,1044,'Locker Room Check','Check locker room cleanliness and report any damage.','Completed');
Insert into VITALITY.TASK (TASKID,SHIFTID,TASKNAME,TASKDESCRIPTION,COMPLETIONSTATUS) values (5078,1045,'Class Setup','Set up studio for class; confirm instructor schedule.','Unfinished');
Insert into VITALITY.TASK (TASKID,SHIFTID,TASKNAME,TASKDESCRIPTION,COMPLETIONSTATUS) values (5079,1045,'Equipment Sanitization','Sanitize mats/bands after class; arrange neatly.','Completed');
Insert into VITALITY.TASK (TASKID,SHIFTID,TASKNAME,TASKDESCRIPTION,COMPLETIONSTATUS) values (5080,1046,'Washroom Restock','Restock washroom supplies and mop floor.','Completed');
Insert into VITALITY.TASK (TASKID,SHIFTID,TASKNAME,TASKDESCRIPTION,COMPLETIONSTATUS) values (5081,1046,'Cardio Area Check','Check cardio screens, safety stop clips, and cleanliness.','Completed');
Insert into VITALITY.TASK (TASKID,SHIFTID,TASKNAME,TASKDESCRIPTION,COMPLETIONSTATUS) values (5082,1047,'Member Enquiries','Handle membership renewal questions and class sign-ups.','Completed');
Insert into VITALITY.TASK (TASKID,SHIFTID,TASKNAME,TASKDESCRIPTION,COMPLETIONSTATUS) values (5083,1047,'Wipe Equipment','Wipe equipment after usage; focus on benches and handles.','Completed');
Insert into VITALITY.TASK (TASKID,SHIFTID,TASKNAME,TASKDESCRIPTION,COMPLETIONSTATUS) values (5084,1048,'Front Desk Support','Assist front desk during busy period; manage queue.','Completed');
Insert into VITALITY.TASK (TASKID,SHIFTID,TASKNAME,TASKDESCRIPTION,COMPLETIONSTATUS) values (5085,1048,'Restock Towels','Restock clean towels; move used towels to laundry.','Completed');
Insert into VITALITY.TASK (TASKID,SHIFTID,TASKNAME,TASKDESCRIPTION,COMPLETIONSTATUS) values (5086,1049,'PT Scheduling','Confirm PT sessions and update trainer timetable.','Completed');
Insert into VITALITY.TASK (TASKID,SHIFTID,TASKNAME,TASKDESCRIPTION,COMPLETIONSTATUS) values (5087,1049,'Issue Logging','Log member complaints and equipment issues into daily log.','Unfinished');
Insert into VITALITY.TASK (TASKID,SHIFTID,TASKNAME,TASKDESCRIPTION,COMPLETIONSTATUS) values (5088,1050,'Sanitize Free Weights','Sanitize dumbbells and bench grips; replace worn wipes.','Completed');
Insert into VITALITY.TASK (TASKID,SHIFTID,TASKNAME,TASKDESCRIPTION,COMPLETIONSTATUS) values (5089,1050,'Floor Walkthrough','Check gym floor for safety hazards and cleanliness.','Completed');
Insert into VITALITY.TASK (TASKID,SHIFTID,TASKNAME,TASKDESCRIPTION,COMPLETIONSTATUS) values (5090,1051,'Clean Mirrors','Clean mirrors in weights area and studio; remove fingerprints.','Completed');
Insert into VITALITY.TASK (TASKID,SHIFTID,TASKNAME,TASKDESCRIPTION,COMPLETIONSTATUS) values (5091,1051,'Pending Repairs List','Prepare list of repairs needed; follow up with maintenance.','Unfinished');
Insert into VITALITY.TASK (TASKID,SHIFTID,TASKNAME,TASKDESCRIPTION,COMPLETIONSTATUS) values (5092,1052,'Supplement Stock Check','Count supplements; update reorder list (stok rendah).','Completed');
Insert into VITALITY.TASK (TASKID,SHIFTID,TASKNAME,TASKDESCRIPTION,COMPLETIONSTATUS) values (5093,1052,'Member Check-in','Support check-in counter during busy time.','Completed');
Insert into VITALITY.TASK (TASKID,SHIFTID,TASKNAME,TASKDESCRIPTION,COMPLETIONSTATUS) values (5094,1053,'Studio Setup','Prepare studio for evening class; check fan/AC.','Completed');
Insert into VITALITY.TASK (TASKID,SHIFTID,TASKNAME,TASKDESCRIPTION,COMPLETIONSTATUS) values (5095,1053,'Sanitize Mats','Sanitize mats and accessories; ensure clean arrangement.','Completed');
Insert into VITALITY.TASK (TASKID,SHIFTID,TASKNAME,TASKDESCRIPTION,COMPLETIONSTATUS) values (5096,1054,'Closing Checklist','End-of-day checks: lockers, doors, switch off unused equipment.','Completed');
Insert into VITALITY.TASK (TASKID,SHIFTID,TASKNAME,TASKDESCRIPTION,COMPLETIONSTATUS) values (5097,1054,'Front Desk Admin','Update member notes and compile daily report for supervisor.','Unfinished');
Insert into VITALITY.TASK (TASKID,SHIFTID,TASKNAME,TASKDESCRIPTION,COMPLETIONSTATUS) values (5098,1055,'Night Floor Patrol','Night patrol and member safety monitoring.','Completed');
Insert into VITALITY.TASK (TASKID,SHIFTID,TASKNAME,TASKDESCRIPTION,COMPLETIONSTATUS) values (5099,1055,'Equipment Issue Log','Log any equipment issues noticed during night shift.','Unfinished');
Insert into VITALITY.TASK (TASKID,SHIFTID,TASKNAME,TASKDESCRIPTION,COMPLETIONSTATUS) values (5100,1056,'Opening Checklist','Open gym early: check doors, lights, and reception system.','Completed');
Insert into VITALITY.TASK (TASKID,SHIFTID,TASKNAME,TASKDESCRIPTION,COMPLETIONSTATUS) values (5101,1056,'Restock Amenities','Restock toiletries and towels before peak hour.','Completed');
Insert into VITALITY.TASK (TASKID,SHIFTID,TASKNAME,TASKDESCRIPTION,COMPLETIONSTATUS) values (5102,1057,'Member Check-in','Handle membership check-ins and guide new visitors.','Completed');
Insert into VITALITY.TASK (TASKID,SHIFTID,TASKNAME,TASKDESCRIPTION,COMPLETIONSTATUS) values (5103,1057,'Customer Support','Handle enquiries: promotions, class times, PT packages.','Completed');
Insert into VITALITY.TASK (TASKID,SHIFTID,TASKNAME,TASKDESCRIPTION,COMPLETIONSTATUS) values (5104,1058,'Sanitize Touchpoints','Sanitize counter, handles, locker keypad, water station.','Completed');
Insert into VITALITY.TASK (TASKID,SHIFTID,TASKNAME,TASKDESCRIPTION,COMPLETIONSTATUS) values (5105,1058,'Towel Collection','Collect used towels; prepare for laundry.','Completed');
Insert into VITALITY.TASK (TASKID,SHIFTID,TASKNAME,TASKDESCRIPTION,COMPLETIONSTATUS) values (5106,1059,'Weights Re-racking','Re-rack plates and dumbbells; keep floor clear.','Unfinished');
Insert into VITALITY.TASK (TASKID,SHIFTID,TASKNAME,TASKDESCRIPTION,COMPLETIONSTATUS) values (5107,1059,'Equipment Wipe-down','Wipe benches/cables after peak time.','Completed');
Insert into VITALITY.TASK (TASKID,SHIFTID,TASKNAME,TASKDESCRIPTION,COMPLETIONSTATUS) values (5108,1060,'Class Prep','Prepare studio for weekend class; check attendance list.','Completed');
Insert into VITALITY.TASK (TASKID,SHIFTID,TASKNAME,TASKDESCRIPTION,COMPLETIONSTATUS) values (5109,1060,'Closing Checklist','Final checks before closing: lock doors and secure equipment.','Unfinished');
Insert into VITALITY.TASK (TASKID,SHIFTID,TASKNAME,TASKDESCRIPTION,COMPLETIONSTATUS) values (5110,1034,'Clean Stretch Area','Wipe stretch area mats; remove trash; reset foam rollers.','Completed');
Insert into VITALITY.TASK (TASKID,SHIFTID,TASKNAME,TASKDESCRIPTION,COMPLETIONSTATUS) values (5111,1028,'Member Support','Assist members with locker issues and equipment setup.','Completed');
Insert into VITALITY.TASK (TASKID,SHIFTID,TASKNAME,TASKDESCRIPTION,COMPLETIONSTATUS) values (5112,1027,'Check Booking System','Verify class bookings & update cancellations (if any).','Completed');
Insert into VITALITY.TASK (TASKID,SHIFTID,TASKNAME,TASKDESCRIPTION,COMPLETIONSTATUS) values (5113,1020,'AED/First Aid Check','Check AED indicator and first aid kit stock.','Completed');
Insert into VITALITY.TASK (TASKID,SHIFTID,TASKNAME,TASKDESCRIPTION,COMPLETIONSTATUS) values (5114,1019,'Refill Sanitizer Stations','Refill sanitizer bottles at key stations around the gym.','Completed');
Insert into VITALITY.TASK (TASKID,SHIFTID,TASKNAME,TASKDESCRIPTION,COMPLETIONSTATUS) values (5115,1010,'Laundry Handover','Handover towel laundry; update towel count record.','Completed');
Insert into VITALITY.TASK (TASKID,SHIFTID,TASKNAME,TASKDESCRIPTION,COMPLETIONSTATUS) values (5116,1012,'Cardio Warm-up Zone Check','Ensure warm-up area is tidy and equipment placed correctly.','Unfinished');
Insert into VITALITY.TASK (TASKID,SHIFTID,TASKNAME,TASKDESCRIPTION,COMPLETIONSTATUS) values (5117,1022,'Report Maintenance Requests','Send maintenance requests list to supervisor/owner.','Completed');
Insert into VITALITY.TASK (TASKID,SHIFTID,TASKNAME,TASKDESCRIPTION,COMPLETIONSTATUS) values (5118,1024,'Clean Reception Area','Clean front counter; sanitize keyboard/scanner; tidy brochures.','Completed');
Insert into VITALITY.TASK (TASKID,SHIFTID,TASKNAME,TASKDESCRIPTION,COMPLETIONSTATUS) values (5119,1030,'Member Feedback Collection','Ask members for feedback; note suggestions for improvements.','Completed');
Insert into VITALITY.TASK (TASKID,SHIFTID,TASKNAME,TASKDESCRIPTION,COMPLETIONSTATUS) values (5120,1040,'Update Daily Gym Log','Update daily gym log: incidents, equipment issues, attendance notes.','Completed');
--------------------------------------------------------
--  DDL for Index ATTENDANCE_PK
--------------------------------------------------------

  CREATE UNIQUE INDEX "VITALITY"."ATTENDANCE_PK" ON "VITALITY"."ATTENDANCE" ("ATTENDANCEID") 
  PCTFREE 10 INITRANS 2 MAXTRANS 255 COMPUTE STATISTICS 
  STORAGE(INITIAL 65536 NEXT 1048576 MINEXTENTS 1 MAXEXTENTS 2147483645
  PCTINCREASE 0 FREELISTS 1 FREELIST GROUPS 1
  BUFFER_POOL DEFAULT FLASH_CACHE DEFAULT CELL_FLASH_CACHE DEFAULT)
  TABLESPACE "USERS" ;
--------------------------------------------------------
--  DDL for Index EMPLOYEE_NUMBER_UK
--------------------------------------------------------

  CREATE UNIQUE INDEX "VITALITY"."EMPLOYEE_NUMBER_UK" ON "VITALITY"."EMPLOYEE" ("EMPLOYEENUMBER") 
  PCTFREE 10 INITRANS 2 MAXTRANS 255 COMPUTE STATISTICS 
  STORAGE(INITIAL 65536 NEXT 1048576 MINEXTENTS 1 MAXEXTENTS 2147483645
  PCTINCREASE 0 FREELISTS 1 FREELIST GROUPS 1
  BUFFER_POOL DEFAULT FLASH_CACHE DEFAULT CELL_FLASH_CACHE DEFAULT)
  TABLESPACE "USERS" ;
--------------------------------------------------------
--  DDL for Index EMPLOYEE_PK
--------------------------------------------------------

  CREATE UNIQUE INDEX "VITALITY"."EMPLOYEE_PK" ON "VITALITY"."EMPLOYEE" ("EMPLOYEEID") 
  PCTFREE 10 INITRANS 2 MAXTRANS 255 COMPUTE STATISTICS 
  STORAGE(INITIAL 65536 NEXT 1048576 MINEXTENTS 1 MAXEXTENTS 2147483645
  PCTINCREASE 0 FREELISTS 1 FREELIST GROUPS 1
  BUFFER_POOL DEFAULT FLASH_CACHE DEFAULT CELL_FLASH_CACHE DEFAULT)
  TABLESPACE "USERS" ;
--------------------------------------------------------
--  DDL for Index LEAVEREQUEST_PK
--------------------------------------------------------

  CREATE UNIQUE INDEX "VITALITY"."LEAVEREQUEST_PK" ON "VITALITY"."LEAVEREQUEST" ("REQUESTID") 
  PCTFREE 10 INITRANS 2 MAXTRANS 255 COMPUTE STATISTICS 
  STORAGE(INITIAL 65536 NEXT 1048576 MINEXTENTS 1 MAXEXTENTS 2147483645
  PCTINCREASE 0 FREELISTS 1 FREELIST GROUPS 1
  BUFFER_POOL DEFAULT FLASH_CACHE DEFAULT CELL_FLASH_CACHE DEFAULT)
  TABLESPACE "USERS" ;
--------------------------------------------------------
--  DDL for Index OWNER_EMAIL_UK
--------------------------------------------------------

  CREATE UNIQUE INDEX "VITALITY"."OWNER_EMAIL_UK" ON "VITALITY"."OWNER" ("OWNEREMAIL") 
  PCTFREE 10 INITRANS 2 MAXTRANS 255 COMPUTE STATISTICS 
  STORAGE(INITIAL 65536 NEXT 1048576 MINEXTENTS 1 MAXEXTENTS 2147483645
  PCTINCREASE 0 FREELISTS 1 FREELIST GROUPS 1
  BUFFER_POOL DEFAULT FLASH_CACHE DEFAULT CELL_FLASH_CACHE DEFAULT)
  TABLESPACE "USERS" ;
--------------------------------------------------------
--  DDL for Index OWNER_PK
--------------------------------------------------------

  CREATE UNIQUE INDEX "VITALITY"."OWNER_PK" ON "VITALITY"."OWNER" ("OWNERID") 
  PCTFREE 10 INITRANS 2 MAXTRANS 255 COMPUTE STATISTICS 
  STORAGE(INITIAL 65536 NEXT 1048576 MINEXTENTS 1 MAXEXTENTS 2147483645
  PCTINCREASE 0 FREELISTS 1 FREELIST GROUPS 1
  BUFFER_POOL DEFAULT FLASH_CACHE DEFAULT CELL_FLASH_CACHE DEFAULT)
  TABLESPACE "USERS" ;
--------------------------------------------------------
--  DDL for Index PAYROLL_PK
--------------------------------------------------------

  CREATE UNIQUE INDEX "VITALITY"."PAYROLL_PK" ON "VITALITY"."PAYROLL" ("PAYROLLID") 
  PCTFREE 10 INITRANS 2 MAXTRANS 255 COMPUTE STATISTICS 
  STORAGE(INITIAL 65536 NEXT 1048576 MINEXTENTS 1 MAXEXTENTS 2147483645
  PCTINCREASE 0 FREELISTS 1 FREELIST GROUPS 1
  BUFFER_POOL DEFAULT FLASH_CACHE DEFAULT CELL_FLASH_CACHE DEFAULT)
  TABLESPACE "USERS" ;
--------------------------------------------------------
--  DDL for Index SHIFT_PK
--------------------------------------------------------

  CREATE UNIQUE INDEX "VITALITY"."SHIFT_PK" ON "VITALITY"."SHIFT" ("SHIFTID") 
  PCTFREE 10 INITRANS 2 MAXTRANS 255 COMPUTE STATISTICS 
  STORAGE(INITIAL 65536 NEXT 1048576 MINEXTENTS 1 MAXEXTENTS 2147483645
  PCTINCREASE 0 FREELISTS 1 FREELIST GROUPS 1
  BUFFER_POOL DEFAULT FLASH_CACHE DEFAULT CELL_FLASH_CACHE DEFAULT)
  TABLESPACE "USERS" ;
--------------------------------------------------------
--  DDL for Index STAFF_PK
--------------------------------------------------------

  CREATE UNIQUE INDEX "VITALITY"."STAFF_PK" ON "VITALITY"."STAFF" ("EMPLOYEEID") 
  PCTFREE 10 INITRANS 2 MAXTRANS 255 COMPUTE STATISTICS 
  STORAGE(INITIAL 65536 NEXT 1048576 MINEXTENTS 1 MAXEXTENTS 2147483645
  PCTINCREASE 0 FREELISTS 1 FREELIST GROUPS 1
  BUFFER_POOL DEFAULT FLASH_CACHE DEFAULT CELL_FLASH_CACHE DEFAULT)
  TABLESPACE "USERS" ;
--------------------------------------------------------
--  DDL for Index SUPERVISOR_PK
--------------------------------------------------------

  CREATE UNIQUE INDEX "VITALITY"."SUPERVISOR_PK" ON "VITALITY"."SUPERVISOR" ("EMPLOYEEID") 
  PCTFREE 10 INITRANS 2 MAXTRANS 255 COMPUTE STATISTICS 
  STORAGE(INITIAL 65536 NEXT 1048576 MINEXTENTS 1 MAXEXTENTS 2147483645
  PCTINCREASE 0 FREELISTS 1 FREELIST GROUPS 1
  BUFFER_POOL DEFAULT FLASH_CACHE DEFAULT CELL_FLASH_CACHE DEFAULT)
  TABLESPACE "USERS" ;
--------------------------------------------------------
--  DDL for Index TASK_PK
--------------------------------------------------------

  CREATE UNIQUE INDEX "VITALITY"."TASK_PK" ON "VITALITY"."TASK" ("TASKID") 
  PCTFREE 10 INITRANS 2 MAXTRANS 255 COMPUTE STATISTICS 
  STORAGE(INITIAL 65536 NEXT 1048576 MINEXTENTS 1 MAXEXTENTS 2147483645
  PCTINCREASE 0 FREELISTS 1 FREELIST GROUPS 1
  BUFFER_POOL DEFAULT FLASH_CACHE DEFAULT CELL_FLASH_CACHE DEFAULT)
  TABLESPACE "USERS" ;
--------------------------------------------------------
--  Constraints for Table ATTENDANCE
--------------------------------------------------------

  ALTER TABLE "VITALITY"."ATTENDANCE" MODIFY ("SHIFTID" NOT NULL ENABLE);
  ALTER TABLE "VITALITY"."ATTENDANCE" MODIFY ("EMPLOYEEID" NOT NULL ENABLE);
  ALTER TABLE "VITALITY"."ATTENDANCE" MODIFY ("STATUS" NOT NULL ENABLE);
  ALTER TABLE "VITALITY"."ATTENDANCE" ADD CONSTRAINT "ATT_CLOCK_RULE_CK" CHECK (
  (UPPER(STATUS) = 'ABSENT' AND CLOCKINTIME IS NULL AND CLOCKOUTTIME IS NULL)
  OR
  (UPPER(STATUS) IN ('ONTIME','LATE') AND CLOCKINTIME IS NOT NULL AND CLOCKOUTTIME IS NOT NULL)
) ENABLE;
  ALTER TABLE "VITALITY"."ATTENDANCE" ADD CONSTRAINT "ATTENDANCE_PK" PRIMARY KEY ("ATTENDANCEID")
  USING INDEX PCTFREE 10 INITRANS 2 MAXTRANS 255 COMPUTE STATISTICS 
  STORAGE(INITIAL 65536 NEXT 1048576 MINEXTENTS 1 MAXEXTENTS 2147483645
  PCTINCREASE 0 FREELISTS 1 FREELIST GROUPS 1
  BUFFER_POOL DEFAULT FLASH_CACHE DEFAULT CELL_FLASH_CACHE DEFAULT)
  TABLESPACE "USERS"  ENABLE;
  ALTER TABLE "VITALITY"."ATTENDANCE" ADD CONSTRAINT "CK_ATT_STATUS" CHECK (STATUS IN ('ONTIME','LATE','ABSENT')) ENABLE;
--------------------------------------------------------
--  Constraints for Table EMPLOYEE
--------------------------------------------------------

  ALTER TABLE "VITALITY"."EMPLOYEE" MODIFY ("EMPLOYEENUMBER" NOT NULL ENABLE);
  ALTER TABLE "VITALITY"."EMPLOYEE" MODIFY ("EMPLOYEEROLE" NOT NULL ENABLE);
  ALTER TABLE "VITALITY"."EMPLOYEE" MODIFY ("EMPLOYEERATE" NOT NULL ENABLE);
  ALTER TABLE "VITALITY"."EMPLOYEE" MODIFY ("ANNUALLEAVEBALANCE" NOT NULL ENABLE);
  ALTER TABLE "VITALITY"."EMPLOYEE" MODIFY ("SICKLEAVEBALANCE" NOT NULL ENABLE);
  ALTER TABLE "VITALITY"."EMPLOYEE" MODIFY ("EMERGENCYLEAVEBALANCE" NOT NULL ENABLE);
  ALTER TABLE "VITALITY"."EMPLOYEE" ADD CONSTRAINT "EMPLOYEE_RATE_CK" CHECK (employeeRate > 0) ENABLE;
  ALTER TABLE "VITALITY"."EMPLOYEE" ADD CONSTRAINT "EMPLOYEE_AL_CK" CHECK (annualLeaveBalance >= 0) ENABLE;
  ALTER TABLE "VITALITY"."EMPLOYEE" ADD CONSTRAINT "EMPLOYEE_SL_CK" CHECK (sickLeaveBalance >= 0) ENABLE;
  ALTER TABLE "VITALITY"."EMPLOYEE" ADD CONSTRAINT "EMPLOYEE_EL_CK" CHECK (emergencyLeaveBalance >= 0) ENABLE;
  ALTER TABLE "VITALITY"."EMPLOYEE" ADD CONSTRAINT "EMPLOYEE_ROLE_CK" CHECK (employeeRole IN ('Supervisor','Staff')) ENABLE;
  ALTER TABLE "VITALITY"."EMPLOYEE" ADD CONSTRAINT "EMPLOYEE_PK" PRIMARY KEY ("EMPLOYEEID")
  USING INDEX PCTFREE 10 INITRANS 2 MAXTRANS 255 COMPUTE STATISTICS 
  STORAGE(INITIAL 65536 NEXT 1048576 MINEXTENTS 1 MAXEXTENTS 2147483645
  PCTINCREASE 0 FREELISTS 1 FREELIST GROUPS 1
  BUFFER_POOL DEFAULT FLASH_CACHE DEFAULT CELL_FLASH_CACHE DEFAULT)
  TABLESPACE "USERS"  ENABLE;
  ALTER TABLE "VITALITY"."EMPLOYEE" ADD CONSTRAINT "EMPLOYEE_NUMBER_UK" UNIQUE ("EMPLOYEENUMBER")
  USING INDEX PCTFREE 10 INITRANS 2 MAXTRANS 255 COMPUTE STATISTICS 
  STORAGE(INITIAL 65536 NEXT 1048576 MINEXTENTS 1 MAXEXTENTS 2147483645
  PCTINCREASE 0 FREELISTS 1 FREELIST GROUPS 1
  BUFFER_POOL DEFAULT FLASH_CACHE DEFAULT CELL_FLASH_CACHE DEFAULT)
  TABLESPACE "USERS"  ENABLE;
--------------------------------------------------------
--  Constraints for Table LEAVEREQUEST
--------------------------------------------------------

  ALTER TABLE "VITALITY"."LEAVEREQUEST" MODIFY ("EMPLOYEEID" NOT NULL ENABLE);
  ALTER TABLE "VITALITY"."LEAVEREQUEST" MODIFY ("TYPE" NOT NULL ENABLE);
  ALTER TABLE "VITALITY"."LEAVEREQUEST" MODIFY ("STARTDATE" NOT NULL ENABLE);
  ALTER TABLE "VITALITY"."LEAVEREQUEST" MODIFY ("ENDDATE" NOT NULL ENABLE);
  ALTER TABLE "VITALITY"."LEAVEREQUEST" MODIFY ("LEAVESTATUS" NOT NULL ENABLE);
  ALTER TABLE "VITALITY"."LEAVEREQUEST" ADD CONSTRAINT "LEAVEREQUEST_STATUS_CK" CHECK (leaveStatus IN ('Pending','Approved','Rejected')) ENABLE;
  ALTER TABLE "VITALITY"."LEAVEREQUEST" ADD CONSTRAINT "LEAVEREQUEST_DATE_CK" CHECK (endDate >= startDate) ENABLE;
  ALTER TABLE "VITALITY"."LEAVEREQUEST" ADD CONSTRAINT "LEAVEREQUEST_PK" PRIMARY KEY ("REQUESTID")
  USING INDEX PCTFREE 10 INITRANS 2 MAXTRANS 255 COMPUTE STATISTICS 
  STORAGE(INITIAL 65536 NEXT 1048576 MINEXTENTS 1 MAXEXTENTS 2147483645
  PCTINCREASE 0 FREELISTS 1 FREELIST GROUPS 1
  BUFFER_POOL DEFAULT FLASH_CACHE DEFAULT CELL_FLASH_CACHE DEFAULT)
  TABLESPACE "USERS"  ENABLE;
--------------------------------------------------------
--  Constraints for Table SHIFT
--------------------------------------------------------

  ALTER TABLE "VITALITY"."SHIFT" MODIFY ("EMPLOYEEID" NOT NULL ENABLE);
  ALTER TABLE "VITALITY"."SHIFT" MODIFY ("SHIFTDATE" NOT NULL ENABLE);
  ALTER TABLE "VITALITY"."SHIFT" MODIFY ("SHIFTTYPE" NOT NULL ENABLE);
  ALTER TABLE "VITALITY"."SHIFT" ADD CONSTRAINT "SHIFT_PK" PRIMARY KEY ("SHIFTID")
  USING INDEX PCTFREE 10 INITRANS 2 MAXTRANS 255 COMPUTE STATISTICS 
  STORAGE(INITIAL 65536 NEXT 1048576 MINEXTENTS 1 MAXEXTENTS 2147483645
  PCTINCREASE 0 FREELISTS 1 FREELIST GROUPS 1
  BUFFER_POOL DEFAULT FLASH_CACHE DEFAULT CELL_FLASH_CACHE DEFAULT)
  TABLESPACE "USERS"  ENABLE;
--------------------------------------------------------
--  Constraints for Table OWNER
--------------------------------------------------------

  ALTER TABLE "VITALITY"."OWNER" MODIFY ("OWNEREMAIL" NOT NULL ENABLE);
  ALTER TABLE "VITALITY"."OWNER" MODIFY ("OWNERPASSWORD" NOT NULL ENABLE);
  ALTER TABLE "VITALITY"."OWNER" ADD CONSTRAINT "OWNER_PK" PRIMARY KEY ("OWNERID")
  USING INDEX PCTFREE 10 INITRANS 2 MAXTRANS 255 COMPUTE STATISTICS 
  STORAGE(INITIAL 65536 NEXT 1048576 MINEXTENTS 1 MAXEXTENTS 2147483645
  PCTINCREASE 0 FREELISTS 1 FREELIST GROUPS 1
  BUFFER_POOL DEFAULT FLASH_CACHE DEFAULT CELL_FLASH_CACHE DEFAULT)
  TABLESPACE "USERS"  ENABLE;
  ALTER TABLE "VITALITY"."OWNER" ADD CONSTRAINT "OWNER_EMAIL_UK" UNIQUE ("OWNEREMAIL")
  USING INDEX PCTFREE 10 INITRANS 2 MAXTRANS 255 COMPUTE STATISTICS 
  STORAGE(INITIAL 65536 NEXT 1048576 MINEXTENTS 1 MAXEXTENTS 2147483645
  PCTINCREASE 0 FREELISTS 1 FREELIST GROUPS 1
  BUFFER_POOL DEFAULT FLASH_CACHE DEFAULT CELL_FLASH_CACHE DEFAULT)
  TABLESPACE "USERS"  ENABLE;
--------------------------------------------------------
--  Constraints for Table PAYROLL
--------------------------------------------------------

  ALTER TABLE "VITALITY"."PAYROLL" MODIFY ("EMPLOYEEID" NOT NULL ENABLE);
  ALTER TABLE "VITALITY"."PAYROLL" MODIFY ("OWNERID" NOT NULL ENABLE);
  ALTER TABLE "VITALITY"."PAYROLL" MODIFY ("PAYMENTDATE" NOT NULL ENABLE);
  ALTER TABLE "VITALITY"."PAYROLL" MODIFY ("MONTHLYSALARY" NOT NULL ENABLE);
  ALTER TABLE "VITALITY"."PAYROLL" ADD CONSTRAINT "PAYROLL_SALARY_CK" CHECK (monthlySalary > 0) ENABLE;
  ALTER TABLE "VITALITY"."PAYROLL" ADD CONSTRAINT "PAYROLL_PK" PRIMARY KEY ("PAYROLLID")
  USING INDEX PCTFREE 10 INITRANS 2 MAXTRANS 255 COMPUTE STATISTICS 
  STORAGE(INITIAL 65536 NEXT 1048576 MINEXTENTS 1 MAXEXTENTS 2147483645
  PCTINCREASE 0 FREELISTS 1 FREELIST GROUPS 1
  BUFFER_POOL DEFAULT FLASH_CACHE DEFAULT CELL_FLASH_CACHE DEFAULT)
  TABLESPACE "USERS"  ENABLE;
--------------------------------------------------------
--  Constraints for Table TASK
--------------------------------------------------------

  ALTER TABLE "VITALITY"."TASK" MODIFY ("SHIFTID" NOT NULL ENABLE);
  ALTER TABLE "VITALITY"."TASK" MODIFY ("TASKNAME" NOT NULL ENABLE);
  ALTER TABLE "VITALITY"."TASK" MODIFY ("COMPLETIONSTATUS" NOT NULL ENABLE);
  ALTER TABLE "VITALITY"."TASK" ADD CONSTRAINT "TASK_STATUS_CK" CHECK (UPPER(COMPLETIONSTATUS) IN ('PENDING','COMPLETED','UNFINISHED')) ENABLE;
  ALTER TABLE "VITALITY"."TASK" ADD CONSTRAINT "TASK_PK" PRIMARY KEY ("TASKID")
  USING INDEX PCTFREE 10 INITRANS 2 MAXTRANS 255 COMPUTE STATISTICS 
  STORAGE(INITIAL 65536 NEXT 1048576 MINEXTENTS 1 MAXEXTENTS 2147483645
  PCTINCREASE 0 FREELISTS 1 FREELIST GROUPS 1
  BUFFER_POOL DEFAULT FLASH_CACHE DEFAULT CELL_FLASH_CACHE DEFAULT)
  TABLESPACE "USERS"  ENABLE;
--------------------------------------------------------
--  Constraints for Table STAFF
--------------------------------------------------------

  ALTER TABLE "VITALITY"."STAFF" MODIFY ("HOURLYRATE" NOT NULL ENABLE);
  ALTER TABLE "VITALITY"."STAFF" MODIFY ("ASSIGNTASKCOUNT" NOT NULL ENABLE);
  ALTER TABLE "VITALITY"."STAFF" ADD CONSTRAINT "STAFF_HOURLY_CK" CHECK (hourlyRate > 0) ENABLE;
  ALTER TABLE "VITALITY"."STAFF" ADD CONSTRAINT "STAFF_TASKCOUNT_CK" CHECK (assignTaskCount >= 0) ENABLE;
  ALTER TABLE "VITALITY"."STAFF" ADD CONSTRAINT "STAFF_PK" PRIMARY KEY ("EMPLOYEEID")
  USING INDEX PCTFREE 10 INITRANS 2 MAXTRANS 255 COMPUTE STATISTICS 
  STORAGE(INITIAL 65536 NEXT 1048576 MINEXTENTS 1 MAXEXTENTS 2147483645
  PCTINCREASE 0 FREELISTS 1 FREELIST GROUPS 1
  BUFFER_POOL DEFAULT FLASH_CACHE DEFAULT CELL_FLASH_CACHE DEFAULT)
  TABLESPACE "USERS"  ENABLE;
--------------------------------------------------------
--  Constraints for Table SUPERVISOR
--------------------------------------------------------

  ALTER TABLE "VITALITY"."SUPERVISOR" MODIFY ("BONUSRATE" NOT NULL ENABLE);
  ALTER TABLE "VITALITY"."SUPERVISOR" ADD CONSTRAINT "SUPERVISOR_BONUS_CK" CHECK (bonusRate >= 0) ENABLE;
  ALTER TABLE "VITALITY"."SUPERVISOR" ADD CONSTRAINT "SUPERVISOR_PK" PRIMARY KEY ("EMPLOYEEID")
  USING INDEX PCTFREE 10 INITRANS 2 MAXTRANS 255 COMPUTE STATISTICS 
  STORAGE(INITIAL 65536 NEXT 1048576 MINEXTENTS 1 MAXEXTENTS 2147483645
  PCTINCREASE 0 FREELISTS 1 FREELIST GROUPS 1
  BUFFER_POOL DEFAULT FLASH_CACHE DEFAULT CELL_FLASH_CACHE DEFAULT)
  TABLESPACE "USERS"  ENABLE;
--------------------------------------------------------
--  Ref Constraints for Table ATTENDANCE
--------------------------------------------------------

  ALTER TABLE "VITALITY"."ATTENDANCE" ADD CONSTRAINT "ATTENDANCE_SHIFT_FK" FOREIGN KEY ("SHIFTID")
	  REFERENCES "VITALITY"."SHIFT" ("SHIFTID") ENABLE;
  ALTER TABLE "VITALITY"."ATTENDANCE" ADD CONSTRAINT "ATTENDANCE_EMP_FK" FOREIGN KEY ("EMPLOYEEID")
	  REFERENCES "VITALITY"."EMPLOYEE" ("EMPLOYEEID") ENABLE;
--------------------------------------------------------
--  Ref Constraints for Table EMPLOYEE
--------------------------------------------------------

  ALTER TABLE "VITALITY"."EMPLOYEE" ADD CONSTRAINT "EMPLOYEE_SUPERVISOR_FK" FOREIGN KEY ("SUPERVISOREMPLOYEEID")
	  REFERENCES "VITALITY"."EMPLOYEE" ("EMPLOYEEID") ENABLE;
--------------------------------------------------------
--  Ref Constraints for Table LEAVEREQUEST
--------------------------------------------------------

  ALTER TABLE "VITALITY"."LEAVEREQUEST" ADD CONSTRAINT "LEAVEREQUEST_EMP_FK" FOREIGN KEY ("EMPLOYEEID")
	  REFERENCES "VITALITY"."EMPLOYEE" ("EMPLOYEEID") ENABLE;
--------------------------------------------------------
--  Ref Constraints for Table PAYROLL
--------------------------------------------------------

  ALTER TABLE "VITALITY"."PAYROLL" ADD CONSTRAINT "PAYROLL_EMP_FK" FOREIGN KEY ("EMPLOYEEID")
	  REFERENCES "VITALITY"."EMPLOYEE" ("EMPLOYEEID") ENABLE;
  ALTER TABLE "VITALITY"."PAYROLL" ADD CONSTRAINT "PAYROLL_OWNER_FK" FOREIGN KEY ("OWNERID")
	  REFERENCES "VITALITY"."OWNER" ("OWNERID") ENABLE;
--------------------------------------------------------
--  Ref Constraints for Table SHIFT
--------------------------------------------------------

  ALTER TABLE "VITALITY"."SHIFT" ADD CONSTRAINT "SHIFT_EMP_FK" FOREIGN KEY ("EMPLOYEEID")
	  REFERENCES "VITALITY"."EMPLOYEE" ("EMPLOYEEID") ENABLE;
--------------------------------------------------------
--  Ref Constraints for Table STAFF
--------------------------------------------------------

  ALTER TABLE "VITALITY"."STAFF" ADD CONSTRAINT "STAFF_EMP_FK" FOREIGN KEY ("EMPLOYEEID")
	  REFERENCES "VITALITY"."EMPLOYEE" ("EMPLOYEEID") ENABLE;
--------------------------------------------------------
--  Ref Constraints for Table SUPERVISOR
--------------------------------------------------------

  ALTER TABLE "VITALITY"."SUPERVISOR" ADD CONSTRAINT "SUPERVISOR_EMP_FK" FOREIGN KEY ("EMPLOYEEID")
	  REFERENCES "VITALITY"."EMPLOYEE" ("EMPLOYEEID") ENABLE;
--------------------------------------------------------
--  Ref Constraints for Table TASK
--------------------------------------------------------

  ALTER TABLE "VITALITY"."TASK" ADD CONSTRAINT "TASK_SHIFT_FK" FOREIGN KEY ("SHIFTID")
	  REFERENCES "VITALITY"."SHIFT" ("SHIFTID") ENABLE;
